,n_samples,simulation,criterion,average,error
0,5,joint_normal,mae,0.1201674910427748,0.0018857930712457777
1,5,joint_normal,mse,0.11898352879596512,0.0013314148528512657
2,5,joint_normal,friedman_mse,0.11920882728324966,0.001481938435453485
3,5,sine_4pi,mae,0.07775997553216961,0.0006858472217368025
4,5,sine_4pi,mse,0.07827481376991534,0.0008553537232691744
5,5,sine_4pi,friedman_mse,0.07746587508177609,0.0004926986169561564
6,5,sine_16pi,mae,0.07693960919034111,0.0006594246838274683
7,5,sine_16pi,mse,0.07800633806339159,0.0005286690455717193
8,5,sine_16pi,friedman_mse,0.07783160003940122,0.0009558214797694922
9,5,multi_noise,mae,0.11073581251385607,0.0007618245103293842
10,5,multi_noise,mse,0.11025767395545634,0.0015895883785794296
11,5,multi_noise,friedman_mse,0.11064463989332192,0.0018600486874378007
12,5,step,mae,0.5695980606662251,0.01547777272502569
13,5,step,mse,0.55805627033114,0.017551765563890726
14,5,step,friedman_mse,0.5775903216496958,0.022455933595824686
15,5,spiral,mae,5.38293761175243,0.19432162429751007
16,5,spiral,mse,5.028863447046524,0.10938587304460316
17,5,spiral,friedman_mse,5.810400796627893,0.38005262391014744
18,5,circle,mae,0.07863128954589087,0.0016193909215717769
19,5,circle,mse,0.07954225413982681,0.002391328752924415
20,5,circle,friedman_mse,0.07860416231388,0.002470825893087704
21,5,ellipse,mae,0.0765685718542185,0.00095829913779224
22,5,ellipse,mse,0.08193568800973196,0.0025172264994280553
23,5,ellipse,friedman_mse,0.08569604791483237,0.003174497213374006
24,5,diamond,mae,0.06291855842612558,0.0005674439740258702
25,5,diamond,mse,0.06451304979587212,0.0008649534004402208
26,5,diamond,friedman_mse,0.06333443876596924,0.000582243538609672
27,5,log,mae,0.3505183765706597,0.004878168464323304
28,5,log,mse,0.35597168019978154,0.008075675713572763
29,5,log,friedman_mse,0.3433460816712485,0.003743310311182311
30,5,quadratic,mae,3.556508668949179,0.04154414439452314
31,5,quadratic,mse,3.572559890225771,0.10635627929476842
32,5,quadratic,friedman_mse,3.5018423761777653,0.040151764473420955
33,5,w_shape,mae,4.7933298317334145,0.3153135905270877
34,5,w_shape,mse,4.096543820521727,0.18817209464594187
35,5,w_shape,friedman_mse,4.106870969576111,0.09217344299793168
36,5,two_parabolas,mae,0.04590298008438581,0.0018953721304175832
37,5,two_parabolas,mse,0.041526172869932064,0.0006846896279856959
38,5,two_parabolas,friedman_mse,0.044425237744326426,0.002306743887145568
39,5,fourth_root,mae,0.20882893274265912,0.007138889890675214
40,5,fourth_root,mse,0.20330023627263677,0.007692040994951583
41,5,fourth_root,friedman_mse,0.2034774247702935,0.007440730101037707
42,5,multi_indept,mae,0.12382580752439491,0.001274396772840776
43,5,multi_indept,mse,0.12528863797620632,0.004394521854247967
44,5,multi_indept,friedman_mse,0.1182492993586606,0.003925943372758293
45,5,bernoulli,mae,1.848044963803969,0.07698738112086412
46,5,bernoulli,mse,1.8105454191910124,0.044901858929671724
47,5,bernoulli,friedman_mse,1.6422204489122614,0.013838611219104178
48,5,square,mae,0.06490555460861044,0.0006538809142617841
49,5,square,mse,0.06343153003061666,0.000452791101879048
50,5,square,friedman_mse,0.06416107557455958,0.0005489954642227921
51,5,linear,mae,0.7596483874673831,0.010821157228152904
52,5,linear,mse,0.8136628939363856,0.030939797386324682
53,5,linear,friedman_mse,0.7905994103602415,0.0073534982363449835
54,5,exponential,mae,175.3574298605227,3.0137183582658285
55,5,exponential,mse,182.8917938970305,2.190036762823237
56,5,exponential,friedman_mse,184.1626117849451,2.468708836109759
57,5,cubic,mae,146.51759807107916,0.9401587539341396
58,5,cubic,mse,164.47108930960954,3.124435678254225
59,5,cubic,friedman_mse,156.78446779400392,2.3248824531140464
60,10,joint_normal,mae,0.11259425181761647,0.001203956714382254
61,10,joint_normal,mse,0.11415642777220861,0.000972101182655653
62,10,joint_normal,friedman_mse,0.11292855880707287,0.0005726921263006802
63,10,sine_4pi,mae,0.07497704144848415,0.0004837083086917432
64,10,sine_4pi,mse,0.07512551419245665,0.0002980414486827189
65,10,sine_4pi,friedman_mse,0.075430763529111,0.0004393209848463452
66,10,sine_16pi,mae,0.07594658517702764,0.0005624616623071065
67,10,sine_16pi,mse,0.07640673242855352,0.0004760568717629939
68,10,sine_16pi,friedman_mse,0.07566950208406154,0.0004364645233615295
69,10,multi_noise,mae,0.10773319475094427,0.00045821532371166044
70,10,multi_noise,mse,0.10396662183975122,0.0007748886658245305
71,10,multi_noise,friedman_mse,0.1088633860531036,0.0007407303473636275
72,10,step,mae,0.5530927095571625,0.01782438507976187
73,10,step,mse,0.5575911935986418,0.008652562748930883
74,10,step,friedman_mse,0.5490036157438678,0.005042807751240432
75,10,spiral,mae,5.456175155101009,0.13217148966964098
76,10,spiral,mse,5.406822435010431,0.15750875804144696
77,10,spiral,friedman_mse,5.2396392655008,0.10212568660860115
78,10,circle,mae,0.08009581586483412,0.0018220848196288577
79,10,circle,mse,0.07758913778420104,0.0011838356887141487
80,10,circle,friedman_mse,0.07783840213450141,0.0012611215886775143
81,10,ellipse,mae,0.07976389064269644,0.0029467629358832913
82,10,ellipse,mse,0.07699061925535372,0.0014856486976398625
83,10,ellipse,friedman_mse,0.07646336211060127,0.0009373180139369936
84,10,diamond,mae,0.06158143062835373,0.00036805599134002255
85,10,diamond,mse,0.06140924836556462,0.0002878386099342085
86,10,diamond,friedman_mse,0.06152831785332556,0.0003633023794783897
87,10,log,mae,0.3329727876945226,0.002317906712635044
88,10,log,mse,0.3293688525904041,0.001961139090325769
89,10,log,friedman_mse,0.3426391958720919,0.00386751039912231
90,10,quadratic,mae,3.3789666633768656,0.02979141137937024
91,10,quadratic,mse,3.371830819466923,0.05255842189932321
92,10,quadratic,friedman_mse,3.355146281493546,0.055875805144535155
93,10,w_shape,mae,4.360654738823974,0.1661029286039842
94,10,w_shape,mse,3.9025066801944512,0.1357762528172247
95,10,w_shape,friedman_mse,4.623822306161802,0.03631556461843652
96,10,two_parabolas,mae,0.042616978210095344,0.000985466853752196
97,10,two_parabolas,mse,0.04476271970422393,0.0008577789692845426
98,10,two_parabolas,friedman_mse,0.044991586944857505,0.0014718620111948567
99,10,fourth_root,mae,0.19895448237774951,0.0015142370128508227
100,10,fourth_root,mse,0.20623827912017872,0.0041098830947933485
101,10,fourth_root,friedman_mse,0.18774234450186528,0.0019675081352810556
102,10,multi_indept,mae,0.1179255104848044,0.0028359145392142415
103,10,multi_indept,mse,0.11432702839791267,0.0015481484403410066
104,10,multi_indept,friedman_mse,0.12259495199558652,0.003044192513846948
105,10,bernoulli,mae,1.7886147727817776,0.04470686939291379
106,10,bernoulli,mse,1.731714061762728,0.019373095675521375
107,10,bernoulli,friedman_mse,1.711680988177071,0.018849096905175347
108,10,square,mae,0.06110543303193955,0.0001606517027196507
109,10,square,mse,0.06212987671988758,0.00040122415488099593
110,10,square,friedman_mse,0.06135972442481561,0.00047897294110646796
111,10,linear,mae,0.7821055988366796,0.010478739715631038
112,10,linear,mse,0.7802065117543823,0.005851791012241482
113,10,linear,friedman_mse,0.780414154368245,0.015002639354171355
114,10,exponential,mae,177.52134254177864,6.162080857432187
115,10,exponential,mse,171.94469993092906,6.2855352672606815
116,10,exponential,friedman_mse,190.84769147421247,6.007618031118212
117,10,cubic,mae,157.4503806098141,8.079434622743255
118,10,cubic,mse,149.48850345292388,2.2555423442917553
119,10,cubic,friedman_mse,151.47984822497924,2.4750700029240904
120,15,joint_normal,mae,0.11098728437792016,0.0006754832417463215
121,15,joint_normal,mse,0.11221442294400738,0.0004490699008393594
122,15,joint_normal,friedman_mse,0.10997884122717896,0.0004473424399179969
123,15,sine_4pi,mae,0.07396188833271515,0.00023227851117126142
124,15,sine_4pi,mse,0.07372314722881279,0.0003831064224974547
125,15,sine_4pi,friedman_mse,0.07357000054718171,0.00015047179751541498
126,15,sine_16pi,mae,0.0734375472252193,0.00025216511241125337
127,15,sine_16pi,mse,0.07383928814194755,0.0002754763786219357
128,15,sine_16pi,friedman_mse,0.07306112070543647,0.0003297118636919688
129,15,multi_noise,mae,0.10527810254907662,0.0005912486994184765
130,15,multi_noise,mse,0.10519779955794732,0.0005530862415171827
131,15,multi_noise,friedman_mse,0.10620374228733698,0.0005364180974679571
132,15,step,mae,0.5455139621301308,0.005673453278966342
133,15,step,mse,0.5453193015029074,0.0045706214936410364
134,15,step,friedman_mse,0.5489790987583723,0.009722320332336118
135,15,spiral,mae,5.121537874759339,0.08563646089792071
136,15,spiral,mse,5.1119112149004255,0.1466524787193384
137,15,spiral,friedman_mse,5.101060854012696,0.0732844500664703
138,15,circle,mae,0.07738229847283805,0.0010895999168419102
139,15,circle,mse,0.0769530412127419,0.0012306795706352324
140,15,circle,friedman_mse,0.07794660525345701,0.0013982370170668478
141,15,ellipse,mae,0.07840642106682197,0.0008217441673597467
142,15,ellipse,mse,0.07703895218560748,0.0009798987219879292
143,15,ellipse,friedman_mse,0.07797587240930058,0.0011802708923372826
144,15,diamond,mae,0.061633050496938915,0.00024511397088816694
145,15,diamond,mse,0.06146864848409924,0.00038037345655540686
146,15,diamond,friedman_mse,0.060171552973974085,0.00020454942021456957
147,15,log,mae,0.3238714513213171,0.0024637336501776652
148,15,log,mse,0.3261967599026715,0.002755387496324734
149,15,log,friedman_mse,0.32014745619209645,0.001872074194177505
150,15,quadratic,mae,3.324959655908505,0.04813238541709778
151,15,quadratic,mse,3.301509863625931,0.036503833227161435
152,15,quadratic,friedman_mse,3.1736721662690153,0.017430681022722598
153,15,w_shape,mae,4.552044853945357,0.42336522146102545
154,15,w_shape,mse,4.566351704547486,0.22132789345268153
155,15,w_shape,friedman_mse,3.992926401323344,0.1067996997861372
156,15,two_parabolas,mae,0.04247468168853445,0.0006828937096400124
157,15,two_parabolas,mse,0.042382232355050634,0.00047985340626477196
158,15,two_parabolas,friedman_mse,0.045256089983457926,0.0009231363564499926
159,15,fourth_root,mae,0.20173978148155713,0.0030116811809919293
160,15,fourth_root,mse,0.19168655253831707,0.002679997080472634
161,15,fourth_root,friedman_mse,0.19694043446433793,0.001732287159222984
162,15,multi_indept,mae,0.11527448007814645,0.0021606244876552667
163,15,multi_indept,mse,0.11382816262524265,0.001380555471882783
164,15,multi_indept,friedman_mse,0.11443042498914177,0.0023440065764891117
165,15,bernoulli,mae,1.746258036982055,0.028031684984407737
166,15,bernoulli,mse,1.7319234087248812,0.020378766051256398
167,15,bernoulli,friedman_mse,1.6820735062789154,0.02535882535080454
168,15,square,mae,0.06028696839740131,0.00012674329376143314
169,15,square,mse,0.06080451602791609,0.000203480582070797
170,15,square,friedman_mse,0.060943730986856404,0.00018066918521706475
171,15,linear,mae,0.7562349102084069,0.005445876222170951
172,15,linear,mse,0.7537992699129539,0.0067490797681338715
173,15,linear,friedman_mse,0.7799539127066463,0.0057416685727813
174,15,exponential,mae,175.01289183357022,2.630913806260843
175,15,exponential,mse,184.25065026608564,2.8620398047983735
176,15,exponential,friedman_mse,193.02685217108643,8.54974706338759
177,15,cubic,mae,153.3108021637058,1.9170516142151097
178,15,cubic,mse,135.82575791382402,1.2097290035585149
179,15,cubic,friedman_mse,163.8568305680282,1.7694845381966422
180,20,joint_normal,mae,0.1122034020742136,0.0003161791904642641
181,20,joint_normal,mse,0.11291391075913564,0.0005954040539825802
182,20,joint_normal,friedman_mse,0.11072844605521584,0.0003918597180392646
183,20,sine_4pi,mae,0.07312102581669076,0.0002279279353852777
184,20,sine_4pi,mse,0.07283379263032719,0.00015501058642210586
185,20,sine_4pi,friedman_mse,0.07345825414470245,0.00026748759703214167
186,20,sine_16pi,mae,0.0732449977118601,0.0002531563319824407
187,20,sine_16pi,mse,0.07333682629591445,0.0002468656727509434
188,20,sine_16pi,friedman_mse,0.07349234973365622,0.00030579233246510036
189,20,multi_noise,mae,0.10221691411092426,0.00035182367381299934
190,20,multi_noise,mse,0.10599989431740812,0.0003851468273334446
191,20,multi_noise,friedman_mse,0.10479218098250812,0.0003811701124301723
192,20,step,mae,0.5452021979049416,0.0031236549044504594
193,20,step,mse,0.5464574189461074,0.0028102184747532356
194,20,step,friedman_mse,0.5509265371970845,0.004317904723699021
195,20,spiral,mae,5.2100047310141235,0.09682769432039193
196,20,spiral,mse,5.307606820360504,0.11971827755760665
197,20,spiral,friedman_mse,5.000580392492786,0.04353203484521591
198,20,circle,mae,0.07881492773930511,0.0009157082827546935
199,20,circle,mse,0.07642564171058418,0.0007500773936046447
200,20,circle,friedman_mse,0.07616544803516706,0.0008954556004039342
201,20,ellipse,mae,0.07492249244719908,0.0007002631490477474
202,20,ellipse,mse,0.07635585343445431,0.0010038999458347074
203,20,ellipse,friedman_mse,0.07629067755770903,0.00094916929291819
204,20,diamond,mae,0.06045825904304748,0.0001583535773900179
205,20,diamond,mse,0.06013775545530357,0.000117756059753294
206,20,diamond,friedman_mse,0.060411593930271866,0.00020421411037912813
207,20,log,mae,0.3130784511952629,0.0008447907398384465
208,20,log,mse,0.3199253046156198,0.0013566000603260123
209,20,log,friedman_mse,0.30877795755535786,0.0010850493791981124
210,20,quadratic,mae,3.301850379096058,0.036104067455037116
211,20,quadratic,mse,3.2821724363374947,0.04620234367391562
212,20,quadratic,friedman_mse,3.269638838125606,0.02472542949712272
213,20,w_shape,mae,4.239408784836204,0.28853662609076897
214,20,w_shape,mse,3.68788371026137,0.057930849369454314
215,20,w_shape,friedman_mse,4.0822252631907165,0.3738491311403708
216,20,two_parabolas,mae,0.0432006769715805,0.0007146623839441084
217,20,two_parabolas,mse,0.04341398485016355,0.000357559037272566
218,20,two_parabolas,friedman_mse,0.04555674794873768,0.0009460478081150179
219,20,fourth_root,mae,0.20346799774831684,0.0014477097605633997
220,20,fourth_root,mse,0.20062044850519856,0.0021233892655821446
221,20,fourth_root,friedman_mse,0.1893855050606832,0.001212856102206744
222,20,multi_indept,mae,0.11355101659382974,0.0008966648179597387
223,20,multi_indept,mse,0.11330098109894396,0.0011457710559113672
224,20,multi_indept,friedman_mse,0.11238024902877489,0.0005970020398690987
225,20,bernoulli,mae,1.727314537133779,0.02880737534823041
226,20,bernoulli,mse,1.7200480591136813,0.0142185321675916
227,20,bernoulli,friedman_mse,1.6897745049365116,0.013922661987346973
228,20,square,mae,0.06049479639180867,0.00024465006756921526
229,20,square,mse,0.06071097404887452,0.0002531970862360995
230,20,square,friedman_mse,0.0603152240738956,0.00030311542379368343
231,20,linear,mae,0.7927893119917273,0.005491813197327462
232,20,linear,mse,0.7692294887419763,0.0042900840035705835
233,20,linear,friedman_mse,0.7822498127504526,0.008815114812977858
234,20,exponential,mae,181.18660151270777,2.817895043394782
235,20,exponential,mse,188.17847236512077,1.1408737126742508
236,20,exponential,friedman_mse,172.7881035383055,2.317142054487359
237,20,cubic,mae,165.0291730280539,1.0162653393334191
238,20,cubic,mse,147.24052158781106,2.718733816883434
239,20,cubic,friedman_mse,144.34799539959667,2.3134448311174713
240,25,joint_normal,mae,0.1100942551367557,0.0004558566698065496
241,25,joint_normal,mse,0.10994334965479755,0.00028848816658850714
242,25,joint_normal,friedman_mse,0.11147976279904055,0.0003824080650465134
243,25,sine_4pi,mae,0.07232934368360963,0.0002048369042053679
244,25,sine_4pi,mse,0.07274063088633378,0.00012708861833431233
245,25,sine_4pi,friedman_mse,0.07218975366276895,0.00022632100973465783
246,25,sine_16pi,mae,0.07275138767424365,0.00022054528159743683
247,25,sine_16pi,mse,0.07206116128377218,0.00015538392558054614
248,25,sine_16pi,friedman_mse,0.07236326021568615,0.00015948251132746246
249,25,multi_noise,mae,0.10267603096069973,0.00032597895358806766
250,25,multi_noise,mse,0.1055141125689167,0.0002489508284173731
251,25,multi_noise,friedman_mse,0.10098395947515518,0.00028742512742655396
252,25,step,mae,0.5447130706334636,0.0021940346638834535
253,25,step,mse,0.5476669288299982,0.0032037831686583607
254,25,step,friedman_mse,0.5448638454258816,0.0021451234864467723
255,25,spiral,mae,5.158845707099415,0.07526680712935052
256,25,spiral,mse,5.036473491756626,0.06353956516248525
257,25,spiral,friedman_mse,4.911129428240309,0.08807604269933843
258,25,circle,mae,0.07435468912908565,0.0006156608110879935
259,25,circle,mse,0.07645217680402978,0.0007611965268315473
260,25,circle,friedman_mse,0.07807968149721606,0.0008440316271907276
261,25,ellipse,mae,0.07419575452021546,0.0005388336901877165
262,25,ellipse,mse,0.07626167319618543,0.0006826101799072927
263,25,ellipse,friedman_mse,0.07828482700914699,0.001066949283887815
264,25,diamond,mae,0.060159717577696316,0.00017134022385877665
265,25,diamond,mse,0.06025439835959638,0.00020732060534020173
266,25,diamond,friedman_mse,0.0597009309847899,0.00019641557149531876
267,25,log,mae,0.3180812681869687,0.0015023281550762663
268,25,log,mse,0.32065355464821993,0.0009592420235114578
269,25,log,friedman_mse,0.3120880833953811,0.000679766747219054
270,25,quadratic,mae,3.3837395459803092,0.05443631787260986
271,25,quadratic,mse,3.325187333258357,0.05072151560503494
272,25,quadratic,friedman_mse,3.467235100909131,0.03151097452981941
273,25,w_shape,mae,4.063614562594364,0.03166830223579535
274,25,w_shape,mse,4.1161010753514535,0.06622490768552253
275,25,w_shape,friedman_mse,5.340358091481518,0.19400277281828848
276,25,two_parabolas,mae,0.04237717745603354,0.0006234278268641874
277,25,two_parabolas,mse,0.040774778643556955,0.0004593033535822354
278,25,two_parabolas,friedman_mse,0.042303156705156525,0.0007870588539922629
279,25,fourth_root,mae,0.19927297819551784,0.001475454369567172
280,25,fourth_root,mse,0.19481911170917332,0.001195885459554726
281,25,fourth_root,friedman_mse,0.18896972614560031,0.0012802054139749634
282,25,multi_indept,mae,0.11138442418179675,0.0006243282978029131
283,25,multi_indept,mse,0.11244828312301418,0.0007822915506928421
284,25,multi_indept,friedman_mse,0.11300571174044682,0.0005547738898975748
285,25,bernoulli,mae,1.6654511758520436,0.011145204656032684
286,25,bernoulli,mse,1.7312737095789217,0.01698308039585576
287,25,bernoulli,friedman_mse,1.7274399716491786,0.00996895517813465
288,25,square,mae,0.06007706765965237,0.00012674202236544896
289,25,square,mse,0.06017788194937272,0.0002618850494641868
290,25,square,friedman_mse,0.05964964126865174,0.00012054271508463076
291,25,linear,mae,0.7933301000823103,0.0074769827630822945
292,25,linear,mse,0.7636038235468001,0.0049286038884750905
293,25,linear,friedman_mse,0.7744658825890939,0.003781863438715412
294,25,exponential,mae,184.67141112262593,2.287724694539465
295,25,exponential,mse,201.21662866969558,3.276494016247662
296,25,exponential,friedman_mse,188.91058383665438,2.142083086748287
297,25,cubic,mae,134.08763793656584,2.5748570344419064
298,25,cubic,mse,147.30116916849101,3.1377771810238277
299,25,cubic,friedman_mse,141.20281220720534,2.418229101610602
300,30,joint_normal,mae,0.11030044395510688,0.0002501413600237057
301,30,joint_normal,mse,0.11026286918868433,0.00032417423306830016
302,30,joint_normal,friedman_mse,0.10893418894634654,0.0005043274754005814
303,30,sine_4pi,mae,0.07258096353029761,0.00020413494697027587
304,30,sine_4pi,mse,0.07262520270995675,0.00018265389208528844
305,30,sine_4pi,friedman_mse,0.0721891339629093,0.0001962584259094383
306,30,sine_16pi,mae,0.07244482089943799,0.0001798162517748731
307,30,sine_16pi,mse,0.07262614711314887,0.0001644819812824576
308,30,sine_16pi,friedman_mse,0.07230378566200943,0.00015387305460747163
309,30,multi_noise,mae,0.10503785528304668,0.0002319709119516719
310,30,multi_noise,mse,0.10496243374747553,0.0002165513806043875
311,30,multi_noise,friedman_mse,0.10453057484218294,0.0002344908914012772
312,30,step,mae,0.5514892720251879,0.005493294468061395
313,30,step,mse,0.5495848902675379,0.003152548011028984
314,30,step,friedman_mse,0.5421452331084304,0.0027800686647246413
315,30,spiral,mae,5.2020901166643165,0.07184309447756682
316,30,spiral,mse,5.16258575087684,0.06693427520622026
317,30,spiral,friedman_mse,5.036766976374028,0.09514677480876627
318,30,circle,mae,0.0756705372383258,0.00040239736028437403
319,30,circle,mse,0.07553087030786623,0.00040085346038497326
320,30,circle,friedman_mse,0.07664779379125428,0.000836067352891513
321,30,ellipse,mae,0.07356812118454639,0.0003925197855797606
322,30,ellipse,mse,0.07480475071928268,0.000650978124093839
323,30,ellipse,friedman_mse,0.07447685808326468,0.0006328406044559266
324,30,diamond,mae,0.05980175392822329,9.88025441219636e-05
325,30,diamond,mse,0.05967752420256319,7.906029654941943e-05
326,30,diamond,friedman_mse,0.059661470249748286,9.052282077434625e-05
327,30,log,mae,0.3077396072662577,0.001284486088524545
328,30,log,mse,0.30808151964280794,0.0005255584466763481
329,30,log,friedman_mse,0.3099891650256349,0.0008029011350782486
330,30,quadratic,mae,3.390411874483044,0.06423710927969367
331,30,quadratic,mse,3.3891496440848643,0.023436480697326966
332,30,quadratic,friedman_mse,3.235863882765121,0.04017023864756767
333,30,w_shape,mae,4.46070181044689,0.08242341879628358
334,30,w_shape,mse,4.185961638094131,0.09986886828367751
335,30,w_shape,friedman_mse,4.081320379088524,0.16981460615686636
336,30,two_parabolas,mae,0.04271008696235006,0.0007544617912722009
337,30,two_parabolas,mse,0.04432991760595233,0.00104119677515934
338,30,two_parabolas,friedman_mse,0.04462468341811006,0.0005810209333145269
339,30,fourth_root,mae,0.19483871070605266,0.0014239762993722342
340,30,fourth_root,mse,0.20192005744281744,0.0017171781367722617
341,30,fourth_root,friedman_mse,0.18921207776957621,0.0017227992099151474
342,30,multi_indept,mae,0.11241088224716891,0.0006816718872999987
343,30,multi_indept,mse,0.11239234991111569,0.0011674438469734306
344,30,multi_indept,friedman_mse,0.1127154912918155,0.0008173769367546857
345,30,bernoulli,mae,1.6677285003782754,0.009898422280843026
346,30,bernoulli,mse,1.7062044477528289,0.013492953028012396
347,30,bernoulli,friedman_mse,1.6652167074131197,0.017673140334332628
348,30,square,mae,0.060059219878863326,0.00018232559572331527
349,30,square,mse,0.06023435019897574,0.0001526668888305942
350,30,square,friedman_mse,0.05960257862287127,0.0001257942624014572
351,30,linear,mae,0.7915193857873355,0.004343936882637313
352,30,linear,mse,0.7880400951083665,0.004817088463499651
353,30,linear,friedman_mse,0.7696432274268803,0.004182597566443908
354,30,exponential,mae,176.42911818003617,4.867998974599528
355,30,exponential,mse,175.20799733379948,5.236854476173785
356,30,exponential,friedman_mse,184.78157152058995,7.503593420555768
357,30,cubic,mae,158.55323146112056,4.075200881006609
358,30,cubic,mse,151.85064329666642,1.2274042736186608
359,30,cubic,friedman_mse,130.68640677061768,1.714775566130993
360,35,joint_normal,mae,0.108049862620726,0.0004567593701509726
361,35,joint_normal,mse,0.10943146424592391,0.00025310851410580696
362,35,joint_normal,friedman_mse,0.11042141036004145,0.00013938537315966233
363,35,sine_4pi,mae,0.07175030867761009,8.87383738202162e-05
364,35,sine_4pi,mse,0.07304679038476339,0.00018611469221014963
365,35,sine_4pi,friedman_mse,0.07211624697172579,0.00017359453619202948
366,35,sine_16pi,mae,0.07229935946761298,9.959854073700727e-05
367,35,sine_16pi,mse,0.07186092050529413,9.269134909013706e-05
368,35,sine_16pi,friedman_mse,0.07187086581104336,0.00020999352943339373
369,35,multi_noise,mae,0.10712503279126391,0.00040042529496794497
370,35,multi_noise,mse,0.10314276699702982,0.00019590747709100103
371,35,multi_noise,friedman_mse,0.10523892283575839,0.0001983083166413224
372,35,step,mae,0.5546994829546852,0.00468278987148681
373,35,step,mse,0.5489893960516813,0.0028998314228620846
374,35,step,friedman_mse,0.5594319508757694,0.0025143336956509406
375,35,spiral,mae,5.209042635928151,0.056801458095009125
376,35,spiral,mse,5.014992710777856,0.03195711937213843
377,35,spiral,friedman_mse,5.129645055875129,0.06274433706616488
378,35,circle,mae,0.07449401772683992,0.0005080103154835051
379,35,circle,mse,0.07603002301163235,0.0007116116435363541
380,35,circle,friedman_mse,0.07434334246667638,0.00086731578613573
381,35,ellipse,mae,0.07599399088529453,0.0005501846529838737
382,35,ellipse,mse,0.07346209678003454,0.0005839111602909472
383,35,ellipse,friedman_mse,0.07523644235889664,0.0007081894059514944
384,35,diamond,mae,0.06014449312936684,0.00014512653241402796
385,35,diamond,mse,0.05972142567782597,8.860548508242145e-05
386,35,diamond,friedman_mse,0.059776635230315386,0.00013144627444574192
387,35,log,mae,0.3158133641754826,0.0011570822403363435
388,35,log,mse,0.3018514059041212,0.0017570887164750659
389,35,log,friedman_mse,0.3098744083045185,0.0007729327892487159
390,35,quadratic,mae,3.4256280802223755,0.03359752122202258
391,35,quadratic,mse,3.2683454330746615,0.026475308534265257
392,35,quadratic,friedman_mse,3.150397311560708,0.02171017158539692
393,35,w_shape,mae,4.6890990305915725,0.0653255435485234
394,35,w_shape,mse,4.024070867538489,0.11194846600510959
395,35,w_shape,friedman_mse,3.7917364426143165,0.049520154051760995
396,35,two_parabolas,mae,0.04311736969099712,0.0004392470901271846
397,35,two_parabolas,mse,0.04290421688781774,0.0003725474892857742
398,35,two_parabolas,friedman_mse,0.044293722234827956,0.0002604036185926846
399,35,fourth_root,mae,0.202415545787616,0.001872388306650419
400,35,fourth_root,mse,0.19787759627922302,0.00160212731464041
401,35,fourth_root,friedman_mse,0.19218470856173814,0.0006211282324906169
402,35,multi_indept,mae,0.1109986106207747,0.0005794192771514283
403,35,multi_indept,mse,0.11225098385470937,0.0006572734914466208
404,35,multi_indept,friedman_mse,0.1125302896732241,0.0009903130157420182
405,35,bernoulli,mae,1.6732606076500516,0.005820109130938188
406,35,bernoulli,mse,1.6883232309295668,0.00787342016411801
407,35,bernoulli,friedman_mse,1.7286856645765991,0.010472329664023476
408,35,square,mae,0.05917506276250536,0.00011532432997943907
409,35,square,mse,0.05951423564807633,6.64571276452114e-05
410,35,square,friedman_mse,0.05999377260867948,9.575338778502125e-05
411,35,linear,mae,0.7954743979846054,0.005735601120798248
412,35,linear,mse,0.7907005176390045,0.005873836314358292
413,35,linear,friedman_mse,0.7968361863365994,0.004849249452059199
414,35,exponential,mae,188.799845916532,2.641151907296317
415,35,exponential,mse,182.79823683049642,3.537887531251539
416,35,exponential,friedman_mse,177.84445337918345,3.2029449626522872
417,35,cubic,mae,160.83739241270888,2.8281488587902617
418,35,cubic,mse,143.02982974830442,2.888805549784613
419,35,cubic,friedman_mse,136.8574275428237,2.0578337787553833
420,40,joint_normal,mae,0.10834550202176321,0.0001851463480281922
421,40,joint_normal,mse,0.10923637119635528,0.0002038832162194403
422,40,joint_normal,friedman_mse,0.10875320764326077,0.00019533458182104026
423,40,sine_4pi,mae,0.0719186084459256,0.00013445150095981847
424,40,sine_4pi,mse,0.07220068419961709,0.00013214239341417794
425,40,sine_4pi,friedman_mse,0.07169637110076317,0.0001328505804751229
426,40,sine_16pi,mae,0.07204250140086345,7.199879713372158e-05
427,40,sine_16pi,mse,0.07244428928090632,0.0001372369056066101
428,40,sine_16pi,friedman_mse,0.0719949532534216,9.051703521747999e-05
429,40,multi_noise,mae,0.10408118687095784,0.00034610690882266203
430,40,multi_noise,mse,0.10430646373706365,0.0004021386527716762
431,40,multi_noise,friedman_mse,0.1031456743007108,0.00019808232288969348
432,40,step,mae,0.5599452332911155,0.00375824579502628
433,40,step,mse,0.5532136285586606,0.002805814978938011
434,40,step,friedman_mse,0.5559218971453799,0.002536333461551589
435,40,spiral,mae,5.16213742935912,0.057998980422598045
436,40,spiral,mse,4.956554819338072,0.05395564829019758
437,40,spiral,friedman_mse,5.090026004956607,0.036737070880183346
438,40,circle,mae,0.07493683077362623,0.0003959290608453672
439,40,circle,mse,0.07463332501441192,0.000547326584997823
440,40,circle,friedman_mse,0.07528893530278508,0.0007973014762075563
441,40,ellipse,mae,0.07498468463717799,0.0004917003115087434
442,40,ellipse,mse,0.07437530644678438,0.00047915495893705766
443,40,ellipse,friedman_mse,0.07363996545381543,0.0005051537392119851
444,40,diamond,mae,0.05954055345247585,0.00014340337015982815
445,40,diamond,mse,0.059758968445492486,0.0001030225171636475
446,40,diamond,friedman_mse,0.05943608933337976,0.0001413730340932198
447,40,log,mae,0.3085880125253856,0.0007435827536169281
448,40,log,mse,0.2998991247678552,0.0009891630810208525
449,40,log,friedman_mse,0.2994002601779243,0.0005768506475045717
450,40,quadratic,mae,3.3761532510062024,0.03166732713315886
451,40,quadratic,mse,3.3491129145924674,0.033267680891162964
452,40,quadratic,friedman_mse,3.310880703961652,0.02818629553857261
453,40,w_shape,mae,4.111491858685563,0.14908676205976967
454,40,w_shape,mse,4.000632543894472,0.06619945273578855
455,40,w_shape,friedman_mse,4.526948636492266,0.12121939761900839
456,40,two_parabolas,mae,0.04159138790671888,0.0007650520796505931
457,40,two_parabolas,mse,0.04182593559304931,0.00034655001146211635
458,40,two_parabolas,friedman_mse,0.04423820227818949,0.00043132034781571775
459,40,fourth_root,mae,0.19848010635389374,0.0010736416850647141
460,40,fourth_root,mse,0.19391524924780185,0.0009107602485030797
461,40,fourth_root,friedman_mse,0.19321829486204392,0.0014527121058887076
462,40,multi_indept,mae,0.11036116404130239,0.00046961328510367604
463,40,multi_indept,mse,0.11197323254609817,0.0008993204075938741
464,40,multi_indept,friedman_mse,0.11152709552502209,0.0006105716513427882
465,40,bernoulli,mae,1.694118314446428,0.006772534520875686
466,40,bernoulli,mse,1.7282405978665014,0.010226424897112956
467,40,bernoulli,friedman_mse,1.6872101593546993,0.012795228865405246
468,40,square,mae,0.059823692161816176,8.299058247094871e-05
469,40,square,mse,0.059425768641908364,0.00010831441631720038
470,40,square,friedman_mse,0.05958344412893825,0.000124336911946353
471,40,linear,mae,0.8056036108455146,0.005132613587456175
472,40,linear,mse,0.7837049906049125,0.0029660430365963733
473,40,linear,friedman_mse,0.7946651973529185,0.006558091624434087
474,40,exponential,mae,194.74066799863937,1.3599619550789956
475,40,exponential,mse,180.68792874630395,1.8949423190651702
476,40,exponential,friedman_mse,202.24647064284116,4.470704845131317
477,40,cubic,mae,153.22860247222312,4.880510972482242
478,40,cubic,mse,139.26424850489417,2.4082019335735367
479,40,cubic,friedman_mse,144.45671967454211,3.623503614364318
480,45,joint_normal,mae,0.10821084248917431,0.0003703300324218977
481,45,joint_normal,mse,0.109089505107329,0.0002903815908879398
482,45,joint_normal,friedman_mse,0.10996543548695341,0.0003635164958904298
483,45,sine_4pi,mae,0.07167131335593145,8.111414007980642e-05
484,45,sine_4pi,mse,0.07239789820570806,0.0001316030559102356
485,45,sine_4pi,friedman_mse,0.0719839287701046,0.00012107244185555709
486,45,sine_16pi,mae,0.07181753052198733,0.0001240273261180743
487,45,sine_16pi,mse,0.07208871119487228,0.00012368373567161242
488,45,sine_16pi,friedman_mse,0.072257453746354,7.40087309256834e-05
489,45,multi_noise,mae,0.10468373135939975,0.00032047106209308893
490,45,multi_noise,mse,0.10460206673008463,0.0001818112260853106
491,45,multi_noise,friedman_mse,0.10157922972784032,0.00018498556935916767
492,45,step,mae,0.5597383843249053,0.003605577808683873
493,45,step,mse,0.5559153322371555,0.001493297815338898
494,45,step,friedman_mse,0.5588037467334089,0.0016908411132951528
495,45,spiral,mae,5.160606330171778,0.08265474340446444
496,45,spiral,mse,5.113197843407255,0.044981326142764816
497,45,spiral,friedman_mse,5.06510845417409,0.03339618037094533
498,45,circle,mae,0.07468254177425636,0.0005495720108687482
499,45,circle,mse,0.07456600881645381,0.0004586467499270431
500,45,circle,friedman_mse,0.0751311206575284,0.0004834747130792326
501,45,ellipse,mae,0.07423967946475687,0.0004291030128405311
502,45,ellipse,mse,0.07568003070366992,0.0005019904649350331
503,45,ellipse,friedman_mse,0.07568152788542783,0.000410044149987093
504,45,diamond,mae,0.059111829839089414,6.568787645519837e-05
505,45,diamond,mse,0.05969372800084668,0.0001324615898803451
506,45,diamond,friedman_mse,0.05942150098374756,8.144360161017059e-05
507,45,log,mae,0.3108550765649629,0.0007032870745483854
508,45,log,mse,0.3025202399215022,0.0009449866950152468
509,45,log,friedman_mse,0.3063848973420932,0.0004375541293299675
510,45,quadratic,mae,3.2623469565212426,0.02708143082335204
511,45,quadratic,mse,3.3693413256448856,0.02756484693537569
512,45,quadratic,friedman_mse,3.1547785009362856,0.019833024089814542
513,45,w_shape,mae,4.835507657478699,0.0720452992376539
514,45,w_shape,mse,3.42637045349043,0.052708487945824736
515,45,w_shape,friedman_mse,3.904711238478948,0.04473805939808751
516,45,two_parabolas,mae,0.042934383178595305,0.0004021605744803142
517,45,two_parabolas,mse,0.04121580968774304,0.0003607664046322139
518,45,two_parabolas,friedman_mse,0.04483492197901827,0.0004084115954192563
519,45,fourth_root,mae,0.18726901445316413,0.000730040540414269
520,45,fourth_root,mse,0.19429827699957553,0.001155500558445798
521,45,fourth_root,friedman_mse,0.189850638068649,0.0012074515695967487
522,45,multi_indept,mae,0.11115794857111998,0.0004959539763616126
523,45,multi_indept,mse,0.11195476805967808,0.0004490489782018224
524,45,multi_indept,friedman_mse,0.11169779661920332,0.0007442081824692213
525,45,bernoulli,mae,1.666397468119269,0.0028956766381310985
526,45,bernoulli,mse,1.6976068331626053,0.006249430518080271
527,45,bernoulli,friedman_mse,1.6967281128232308,0.004783641724211767
528,45,square,mae,0.059455243886934385,0.00013247451764721182
529,45,square,mse,0.05985212847517938,0.00010234067409256532
530,45,square,friedman_mse,0.059563861081755876,8.271414083583814e-05
531,45,linear,mae,0.8010102735842553,0.005610837119025538
532,45,linear,mse,0.7838265183908456,0.005718643423091881
533,45,linear,friedman_mse,0.7903842653570686,0.0033378634704727596
534,45,exponential,mae,179.1473838484629,1.6759607583560572
535,45,exponential,mse,187.43450172046235,1.8905337760769987
536,45,exponential,friedman_mse,179.45459636696074,3.2287001249280807
537,45,cubic,mae,143.07830727662926,2.2234462326343025
538,45,cubic,mse,133.64672360843045,3.2669346938929413
539,45,cubic,friedman_mse,139.90992533093745,1.3821108058179523
540,50,joint_normal,mae,0.10903319013377807,0.0001992156203455684
541,50,joint_normal,mse,0.10929287964609853,0.00025055957412303565
542,50,joint_normal,friedman_mse,0.10878080573797003,0.00023409396258773716
543,50,sine_4pi,mae,0.07161217107623494,9.409749806893839e-05
544,50,sine_4pi,mse,0.07187607608758137,0.00014891991057662863
545,50,sine_4pi,friedman_mse,0.07206534024819637,0.00013593823913190267
546,50,sine_16pi,mae,0.0715519012137534,0.00010873097292052732
547,50,sine_16pi,mse,0.07163298199103932,0.00013126347876487847
548,50,sine_16pi,friedman_mse,0.07162637381665202,0.00013709500938166951
549,50,multi_noise,mae,0.10328920138049365,0.00016208902766189285
550,50,multi_noise,mse,0.10358483402235188,0.00012023293704161437
551,50,multi_noise,friedman_mse,0.10157906519607966,0.00011580247143309131
552,50,step,mae,0.5603323224212972,0.0027756882021492376
553,50,step,mse,0.5591698413745674,0.00203341331610269
554,50,step,friedman_mse,0.5621631031476945,0.001083395558173116
555,50,spiral,mae,5.282689272284438,0.05857946887022415
556,50,spiral,mse,5.1545555226109006,0.0615504153773903
557,50,spiral,friedman_mse,5.0169327619982145,0.056061340900610025
558,50,circle,mae,0.07334130662867772,0.0003860624308444812
559,50,circle,mse,0.07524292042170538,0.0006382368714382262
560,50,circle,friedman_mse,0.0745363165996756,0.00048309561124603063
561,50,ellipse,mae,0.07368234769521767,0.000323650642426231
562,50,ellipse,mse,0.07506968164335912,0.00026805082213110086
563,50,ellipse,friedman_mse,0.07383271240294847,0.0004232910751846648
564,50,diamond,mae,0.05944482354748891,9.286602563555732e-05
565,50,diamond,mse,0.05989685537604854,6.800906171336722e-05
566,50,diamond,friedman_mse,0.059305778290854747,0.00010481851671077014
567,50,log,mae,0.29537959460805147,0.0008357386970790954
568,50,log,mse,0.29596235163423623,0.0005529362421806978
569,50,log,friedman_mse,0.29886183002479355,0.0007518522428369293
570,50,quadratic,mae,3.249074129761715,0.01862941451341388
571,50,quadratic,mse,3.2264970028714117,0.018809248071460446
572,50,quadratic,friedman_mse,3.500934755635825,0.037966583711863816
573,50,w_shape,mae,3.581817780880524,0.09341923227323432
574,50,w_shape,mse,3.6116583667653344,0.061023855879106845
575,50,w_shape,friedman_mse,3.5062020481558784,0.12619760116459908
576,50,two_parabolas,mae,0.042460708657784195,0.0004899957481929216
577,50,two_parabolas,mse,0.04380225607715331,0.0002911233457071151
578,50,two_parabolas,friedman_mse,0.04211426319940051,0.0002417486926861198
579,50,fourth_root,mae,0.19000088056805445,0.0016929734334699895
580,50,fourth_root,mse,0.19860093225978628,0.0008213513540157391
581,50,fourth_root,friedman_mse,0.19813914461395782,0.0017680411173882028
582,50,multi_indept,mae,0.11156589248822626,0.0006119290019346487
583,50,multi_indept,mse,0.11294948094489458,0.0007699551339431584
584,50,multi_indept,friedman_mse,0.11159204916444303,0.0005059507578953884
585,50,bernoulli,mae,1.658210649241505,0.007677835131238425
586,50,bernoulli,mse,1.703904443483723,0.011745915148081256
587,50,bernoulli,friedman_mse,1.6674968805440114,0.005429500090219751
588,50,square,mae,0.05919148584516919,7.077612679078115e-05
589,50,square,mse,0.05908186816286749,9.50437683367374e-05
590,50,square,friedman_mse,0.05973012476488142,5.455220248792363e-05
591,50,linear,mae,0.8217902543486924,0.005771720340327806
592,50,linear,mse,0.7835023007267299,0.0050102309476416085
593,50,linear,friedman_mse,0.8392511311383984,0.004706787269631582
594,50,exponential,mae,186.48849965476953,2.2784194059589944
595,50,exponential,mse,182.69952986752497,2.2929411213622855
596,50,exponential,friedman_mse,181.9227799145155,2.6120337574003405
597,50,cubic,mae,146.8837127962277,4.104257910203543
598,50,cubic,mse,163.4479284487398,3.3207763815572924
599,50,cubic,friedman_mse,141.58963916069274,1.4658706294795079
600,55,joint_normal,mae,0.11016567851603835,0.00011385448058435813
601,55,joint_normal,mse,0.11069713640777137,0.0002270247044271067
602,55,joint_normal,friedman_mse,0.10957350031180302,0.00019512516537816078
603,55,sine_4pi,mae,0.07146351163337285,0.00011367559801464056
604,55,sine_4pi,mse,0.07098084296184022,8.179148250871845e-05
605,55,sine_4pi,friedman_mse,0.07133313367145151,6.692677279592758e-05
606,55,sine_16pi,mae,0.07158344777744016,0.0001090868408805725
607,55,sine_16pi,mse,0.07164727001341,0.0001494479517418518
608,55,sine_16pi,friedman_mse,0.07154821278855429,7.695158999537627e-05
609,55,multi_noise,mae,0.10502952299252104,0.0002645536421497784
610,55,multi_noise,mse,0.10355492640894537,0.0002484090068806342
611,55,multi_noise,friedman_mse,0.10540367098924415,0.00017494491820566177
612,55,step,mae,0.5709202683726845,0.0026367245070699854
613,55,step,mse,0.5622473901979903,0.0022076461570851354
614,55,step,friedman_mse,0.566263395877,0.004350794063708466
615,55,spiral,mae,5.2340390404964,0.05168247344962518
616,55,spiral,mse,5.191101930549317,0.0389875387146931
617,55,spiral,friedman_mse,5.270070390352919,0.06652637142597202
618,55,circle,mae,0.07497208147052611,0.00034269085006616783
619,55,circle,mse,0.07379033565118656,0.00025925864182885135
620,55,circle,friedman_mse,0.07330320135314561,0.0004754397728112282
621,55,ellipse,mae,0.07410288232759805,0.0004199176790398782
622,55,ellipse,mse,0.07449823447220225,0.0006340866073192493
623,55,ellipse,friedman_mse,0.07334581226275752,0.00026240199851934034
624,55,diamond,mae,0.05887988107886557,8.613991097902371e-05
625,55,diamond,mse,0.05979620547904833,8.557793992792698e-05
626,55,diamond,friedman_mse,0.059319836764689785,7.147378327669064e-05
627,55,log,mae,0.3054196227284018,0.0009479671781105792
628,55,log,mse,0.3089392066306586,0.0005454412413038524
629,55,log,friedman_mse,0.3026049882494096,0.000551114499793518
630,55,quadratic,mae,3.486063988278933,0.02519799395842462
631,55,quadratic,mse,3.0424556997988703,0.029599178233403106
632,55,quadratic,friedman_mse,3.2903573647881466,0.029444786973000004
633,55,w_shape,mae,4.383006236169456,0.10608545626611957
634,55,w_shape,mse,4.163448729739502,0.11263533907413902
635,55,w_shape,friedman_mse,4.920754310464356,0.03674719232458134
636,55,two_parabolas,mae,0.04126038197353894,0.00035633447849063956
637,55,two_parabolas,mse,0.043709761984421384,0.00033007895812216297
638,55,two_parabolas,friedman_mse,0.04167637494975604,0.00042848609146988283
639,55,fourth_root,mae,0.18672303696748332,0.0011126047879409374
640,55,fourth_root,mse,0.19507038289639275,0.000944992850171768
641,55,fourth_root,friedman_mse,0.19551762937973355,0.0012980075469967592
642,55,multi_indept,mae,0.10938608314522139,0.0005548843064135278
643,55,multi_indept,mse,0.10981717556399073,0.00032866482333951066
644,55,multi_indept,friedman_mse,0.11224334488116594,0.0006861192945356448
645,55,bernoulli,mae,1.6682177193724705,0.008178774127393216
646,55,bernoulli,mse,1.67171882742708,0.007038543511519161
647,55,bernoulli,friedman_mse,1.6733439380251505,0.01067270038789107
648,55,square,mae,0.05951291799040109,8.392947193556185e-05
649,55,square,mse,0.059638980940635945,9.347208832579073e-05
650,55,square,friedman_mse,0.059767037457016316,9.457099036555688e-05
651,55,linear,mae,0.79129752227006,0.004333240507969142
652,55,linear,mse,0.8215983392165682,0.004656300588903002
653,55,linear,friedman_mse,0.8151150303227483,0.005058528649840359
654,55,exponential,mae,188.44861358616185,3.3918753531108923
655,55,exponential,mse,188.62073209446845,1.4055099810267064
656,55,exponential,friedman_mse,179.574766682887,3.8464958725509466
657,55,cubic,mae,148.93994151197532,3.9344975264955537
658,55,cubic,mse,147.25351618048938,1.7262933282393298
659,55,cubic,friedman_mse,144.99211400169318,1.1342863216296877
660,60,joint_normal,mae,0.10842255561176506,0.00018854376145374625
661,60,joint_normal,mse,0.10957733986713067,0.00012723239837390726
662,60,joint_normal,friedman_mse,0.10776928532642431,0.00018753494574953194
663,60,sine_4pi,mae,0.07128647137100094,0.00012028176329439176
664,60,sine_4pi,mse,0.07152745404555348,0.00012522774838001245
665,60,sine_4pi,friedman_mse,0.07164117977223479,9.11735041843362e-05
666,60,sine_16pi,mae,0.07141649422033493,9.760604993635173e-05
667,60,sine_16pi,mse,0.07138478499224475,9.767179535495789e-05
668,60,sine_16pi,friedman_mse,0.07126466508480177,8.363090621480782e-05
669,60,multi_noise,mae,0.10415296518758899,0.000247361429798762
670,60,multi_noise,mse,0.10314530548414409,0.00018721526965695482
671,60,multi_noise,friedman_mse,0.10127803714954242,0.00023947669583220405
672,60,step,mae,0.5663995826087388,0.004093683190557911
673,60,step,mse,0.5640981218657307,0.002005235835387378
674,60,step,friedman_mse,0.5666308861476714,0.002973719279029246
675,60,spiral,mae,5.327809002407137,0.07990357784538904
676,60,spiral,mse,5.280211343945939,0.07403673373881506
677,60,spiral,friedman_mse,5.130075715487624,0.053771607230254
678,60,circle,mae,0.07285274343874922,0.0002095854950452876
679,60,circle,mse,0.07584205024015037,0.0003182796579290852
680,60,circle,friedman_mse,0.07310011571013997,0.0004020712851566396
681,60,ellipse,mae,0.07362142735749982,0.00041960411808556483
682,60,ellipse,mse,0.07655831753985183,0.000566046094778008
683,60,ellipse,friedman_mse,0.07344969554336762,0.00020047566321623647
684,60,diamond,mae,0.059257814240100216,7.732167753425076e-05
685,60,diamond,mse,0.059736000476469445,9.797804887424294e-05
686,60,diamond,friedman_mse,0.05897993507122521,8.398717690755159e-05
687,60,log,mae,0.30447109564831526,0.0005940035866122588
688,60,log,mse,0.29954677719139056,0.0007249744447361226
689,60,log,friedman_mse,0.2965751841771428,0.0006248826992741025
690,60,quadratic,mae,3.5093179753071704,0.03213020698687508
691,60,quadratic,mse,3.2257064658170287,0.03035862480179576
692,60,quadratic,friedman_mse,3.4181796963058986,0.024428609896339156
693,60,w_shape,mae,4.07481739455301,0.16292621590489306
694,60,w_shape,mse,4.4971443945322,0.11110372535844164
695,60,w_shape,friedman_mse,3.9519237538456786,0.07518940688656112
696,60,two_parabolas,mae,0.04403731416264167,0.000529490340635975
697,60,two_parabolas,mse,0.04109066271430155,0.0002470489448275684
698,60,two_parabolas,friedman_mse,0.04435563369590815,0.00030182435549609997
699,60,fourth_root,mae,0.20238080718279675,0.0014629275939001224
700,60,fourth_root,mse,0.19137102469281625,0.001164020222684419
701,60,fourth_root,friedman_mse,0.19916801273956833,0.0013440460946651223
702,60,multi_indept,mae,0.11030969034189367,0.0005110366436376706
703,60,multi_indept,mse,0.11168575243751074,0.0011346435865618237
704,60,multi_indept,friedman_mse,0.10924393323043642,0.00044649463185289566
705,60,bernoulli,mae,1.6461455701637298,0.004844523925254726
706,60,bernoulli,mse,1.6969569786555567,0.007957880584131974
707,60,bernoulli,friedman_mse,1.635996637786458,0.0052843210814680335
708,60,square,mae,0.0593845540996258,9.063878345828276e-05
709,60,square,mse,0.06008854516196603,6.61524653254663e-05
710,60,square,friedman_mse,0.05937131520898235,0.0001115607076735688
711,60,linear,mae,0.8225610422719324,0.004636203544361219
712,60,linear,mse,0.8314957523201375,0.005197866054190216
713,60,linear,friedman_mse,0.8262760149513875,0.0058048654931841925
714,60,exponential,mae,177.28629734510656,2.392504943391621
715,60,exponential,mse,182.29091974306536,1.1296503148605015
716,60,exponential,friedman_mse,202.61618838945196,2.3309487816711525
717,60,cubic,mae,168.16855687779017,1.6323326964132288
718,60,cubic,mse,147.7519993576576,1.1883498323028294
719,60,cubic,friedman_mse,143.77608836695885,2.209767677573227
720,65,joint_normal,mae,0.10795936880036212,0.00024866687910684524
721,65,joint_normal,mse,0.10857949103418049,0.00025436913334659224
722,65,joint_normal,friedman_mse,0.1082437535365309,0.00018851091061705666
723,65,sine_4pi,mae,0.0710205227566889,7.73909508324553e-05
724,65,sine_4pi,mse,0.07140638068198267,0.00010359974270077177
725,65,sine_4pi,friedman_mse,0.07090043350829409,0.00010645167685588681
726,65,sine_16pi,mae,0.07118631227367891,6.975576174105943e-05
727,65,sine_16pi,mse,0.07139186117836326,7.483989746012158e-05
728,65,sine_16pi,friedman_mse,0.07147093478896158,9.563099130865485e-05
729,65,multi_noise,mae,0.10282443570997077,0.00016826234691693108
730,65,multi_noise,mse,0.10324899491925651,0.0002936744327561719
731,65,multi_noise,friedman_mse,0.10414682515150864,0.00016408893350902733
732,65,step,mae,0.5754594083577056,0.004433690704137094
733,65,step,mse,0.5657482899625623,0.001629687222645891
734,65,step,friedman_mse,0.5659801647084086,0.0031116998030455804
735,65,spiral,mae,5.392673140329384,0.0637099406785174
736,65,spiral,mse,5.276948199430381,0.04788514904397015
737,65,spiral,friedman_mse,5.144843251705339,0.05558077964299792
738,65,circle,mae,0.07264539599668611,0.00027578458937876834
739,65,circle,mse,0.07623052817748982,0.0005951760926363984
740,65,circle,friedman_mse,0.07488458863976354,0.000540240214887818
741,65,ellipse,mae,0.07325197548626139,0.0003451353447772512
742,65,ellipse,mse,0.07255706043118866,0.00035633107730712694
743,65,ellipse,friedman_mse,0.07439216651231681,0.0007408812566665864
744,65,diamond,mae,0.05974757336627057,7.240361631865252e-05
745,65,diamond,mse,0.059423484308266036,5.641013734131352e-05
746,65,diamond,friedman_mse,0.058903623429261566,7.237554751579683e-05
747,65,log,mae,0.30162915172244775,0.00048174314779205244
748,65,log,mse,0.29915704249486935,0.00043116289627311634
749,65,log,friedman_mse,0.2935728042148801,0.0005489834724670684
750,65,quadratic,mae,3.4107083862446492,0.03550601893534268
751,65,quadratic,mse,3.521536192070967,0.025844241255737338
752,65,quadratic,friedman_mse,3.3044366500603415,0.02330042353268897
753,65,w_shape,mae,4.50176279120357,0.07136619051806686
754,65,w_shape,mse,3.928758332507236,0.05918065581929275
755,65,w_shape,friedman_mse,4.429566186631645,0.04233500577390945
756,65,two_parabolas,mae,0.04452212327701078,0.0005486150315475367
757,65,two_parabolas,mse,0.04279640267627775,0.0003244022374381869
758,65,two_parabolas,friedman_mse,0.044464229003384786,0.00019428926964622434
759,65,fourth_root,mae,0.20095961042962615,0.0009257305782986491
760,65,fourth_root,mse,0.19994544228093317,0.0023278654045530344
761,65,fourth_root,friedman_mse,0.1848150599989045,0.0008167117609853751
762,65,multi_indept,mae,0.11067948706806519,0.0006692130741685284
763,65,multi_indept,mse,0.1104019267702292,0.0005030795681041274
764,65,multi_indept,friedman_mse,0.1120225633427929,0.001005813012582845
765,65,bernoulli,mae,1.6580661843226943,0.0060759963815850025
766,65,bernoulli,mse,1.654183912045592,0.0049834086741658516
767,65,bernoulli,friedman_mse,1.6648079973203433,0.007053378408334567
768,65,square,mae,0.05998181481582271,7.860152975129618e-05
769,65,square,mse,0.05935731080586323,9.714888233136994e-05
770,65,square,friedman_mse,0.058959911825552956,6.103028455472939e-05
771,65,linear,mae,0.8331775279540737,0.006267984268660814
772,65,linear,mse,0.8269830807779457,0.0033378286963788397
773,65,linear,friedman_mse,0.7974682110074284,0.004232693593684623
774,65,exponential,mae,189.96708188423523,3.3757024755742364
775,65,exponential,mse,182.702451875374,1.397979607623722
776,65,exponential,friedman_mse,185.22785503277802,1.3021655787670285
777,65,cubic,mae,155.0073028335807,3.8802255962258023
778,65,cubic,mse,166.2967593395046,1.2767750246043532
779,65,cubic,friedman_mse,144.64262604625114,2.2177569929351777
780,70,joint_normal,mae,0.10740857471990442,0.00017715551677624194
781,70,joint_normal,mse,0.10976582993641533,0.00016761403450556996
782,70,joint_normal,friedman_mse,0.10700172500628675,0.0002049748842196974
783,70,sine_4pi,mae,0.07090878028202999,8.388715366781491e-05
784,70,sine_4pi,mse,0.07106004009715639,9.737319006335896e-05
785,70,sine_4pi,friedman_mse,0.07087793793011996,0.00010850963203438232
786,70,sine_16pi,mae,0.07124211245761108,8.74371622025764e-05
787,70,sine_16pi,mse,0.07117467759796745,9.08187301747539e-05
788,70,sine_16pi,friedman_mse,0.0712718516019103,7.142809103642499e-05
789,70,multi_noise,mae,0.10492865889716059,0.00026792003065602193
790,70,multi_noise,mse,0.1056384515376431,0.0002930485792665465
791,70,multi_noise,friedman_mse,0.09976661462557465,0.00012089142315911854
792,70,step,mae,0.575079257592212,0.0030948196585649035
793,70,step,mse,0.5670687299887549,0.0016259725994186042
794,70,step,friedman_mse,0.5707879506612482,0.0013221565691175793
795,70,spiral,mae,5.221512146186129,0.0554706970535317
796,70,spiral,mse,5.145652410593622,0.07026434820867165
797,70,spiral,friedman_mse,5.018302809185138,0.05106584666354567
798,70,circle,mae,0.07248184264452384,0.0004845452719238142
799,70,circle,mse,0.07362955302218674,0.0006207075380446349
800,70,circle,friedman_mse,0.07464487488658643,0.0005460069128852831
801,70,ellipse,mae,0.07386909022260259,0.0003758364244649447
802,70,ellipse,mse,0.07432437428520838,0.0003959121742881421
803,70,ellipse,friedman_mse,0.07337745602257363,0.0003256935197837917
804,70,diamond,mae,0.059557106189928544,8.141061904299503e-05
805,70,diamond,mse,0.05938450988697127,4.6011917399894296e-05
806,70,diamond,friedman_mse,0.05880434760978932,5.712294011463792e-05
807,70,log,mae,0.2961887898101747,0.000623895993365514
808,70,log,mse,0.2930422431772871,0.0006923268059483024
809,70,log,friedman_mse,0.2936308951082818,0.0005400476047085297
810,70,quadratic,mae,3.4327265528220336,0.047932825789236466
811,70,quadratic,mse,3.2105694088865797,0.02362926957706293
812,70,quadratic,friedman_mse,3.464571837165527,0.03471156272685184
813,70,w_shape,mae,4.162142069419331,0.03417122910340096
814,70,w_shape,mse,4.295291761837684,0.0635280705901007
815,70,w_shape,friedman_mse,4.864497260068521,0.07713968936286536
816,70,two_parabolas,mae,0.043909235772807254,0.000505677978638059
817,70,two_parabolas,mse,0.04172043702950017,0.00024798798272303513
818,70,two_parabolas,friedman_mse,0.04251648925475027,0.00019553660161617577
819,70,fourth_root,mae,0.19715690081917053,0.0010338476420706198
820,70,fourth_root,mse,0.19050769342016477,0.000874999708542315
821,70,fourth_root,friedman_mse,0.2011324245210524,0.0010127762252862022
822,70,multi_indept,mae,0.1118581894025645,0.0005444148860253946
823,70,multi_indept,mse,0.11096796165630025,0.0005150156920776755
824,70,multi_indept,friedman_mse,0.11055750463554692,0.0005076907075285083
825,70,bernoulli,mae,1.672149303648298,0.007100384030555406
826,70,bernoulli,mse,1.694998752669418,0.009251843968207564
827,70,bernoulli,friedman_mse,1.7027466915165903,0.009149054941969442
828,70,square,mae,0.05930523517139783,6.097197270007765e-05
829,70,square,mse,0.059946203023053125,3.6689848958471875e-05
830,70,square,friedman_mse,0.05922129127232421,8.430301452509118e-05
831,70,linear,mae,0.8038004843761465,0.005521454754089414
832,70,linear,mse,0.8309500643426025,0.0038128592440023947
833,70,linear,friedman_mse,0.8124579736050015,0.003964664067931126
834,70,exponential,mae,188.2888459706953,2.174020994958834
835,70,exponential,mse,188.8259587268663,2.8400073445176743
836,70,exponential,friedman_mse,168.9167779365608,1.3800132099315519
837,70,cubic,mae,156.67448221742205,0.8950831171309899
838,70,cubic,mse,144.7019138241956,2.0035812241898765
839,70,cubic,friedman_mse,159.69440069967726,1.3667866137449713
840,75,joint_normal,mae,0.108370982055398,9.135236603829575e-05
841,75,joint_normal,mse,0.10799112425049132,0.00020050409394187316
842,75,joint_normal,friedman_mse,0.10715010661396726,0.00023526299705523614
843,75,sine_4pi,mae,0.07096103077232555,0.00011737878789566184
844,75,sine_4pi,mse,0.07063184283779234,6.0176944206495604e-05
845,75,sine_4pi,friedman_mse,0.07146196258373115,8.015229224366948e-05
846,75,sine_16pi,mae,0.07032005648473263,5.3090868018979036e-05
847,75,sine_16pi,mse,0.07054173331769294,9.364420081486463e-05
848,75,sine_16pi,friedman_mse,0.07102687620599749,8.57291357247122e-05
849,75,multi_noise,mae,0.10453784064767566,0.00028858425780111947
850,75,multi_noise,mse,0.10296192941653452,0.00020945962554503935
851,75,multi_noise,friedman_mse,0.10244511700303942,8.892594546605807e-05
852,75,step,mae,0.5667485455546128,0.004159092590108111
853,75,step,mse,0.5702839195505189,0.0024426195384735657
854,75,step,friedman_mse,0.5686815178608512,0.0019902975525870046
855,75,spiral,mae,5.309114807541755,0.08354289184168047
856,75,spiral,mse,5.390801265879131,0.057129332032246405
857,75,spiral,friedman_mse,5.168516428530287,0.0517875333995444
858,75,circle,mae,0.07316616748920746,0.00031262216124421864
859,75,circle,mse,0.0727423377966462,0.0003199373821763362
860,75,circle,friedman_mse,0.07561736823731008,0.00029659705729594637
861,75,ellipse,mae,0.07300846404663007,0.00028715013061656993
862,75,ellipse,mse,0.07391031886450608,0.0002945635881541831
863,75,ellipse,friedman_mse,0.07449890015541542,0.0003365695566653743
864,75,diamond,mae,0.05924393550261995,7.895516651486734e-05
865,75,diamond,mse,0.05893261718455041,0.00011245169072035805
866,75,diamond,friedman_mse,0.0590997698485052,5.5190551843541687e-05
867,75,log,mae,0.29302001502259156,0.0005936850230810351
868,75,log,mse,0.3027189479697622,0.0005679031384154729
869,75,log,friedman_mse,0.2982349936975114,0.00048649011407510604
870,75,quadratic,mae,3.3544617223231357,0.028752786831962703
871,75,quadratic,mse,3.3976852044635626,0.026669807787234767
872,75,quadratic,friedman_mse,3.522601877626682,0.031330576291779856
873,75,w_shape,mae,4.5535658350056005,0.19141323232468274
874,75,w_shape,mse,3.5541688190799747,0.12976921956171827
875,75,w_shape,friedman_mse,5.207074085223658,0.02850286184309647
876,75,two_parabolas,mae,0.0434454680292093,0.0004637500098748339
877,75,two_parabolas,mse,0.04341779111708806,0.0003295300415503022
878,75,two_parabolas,friedman_mse,0.04136292672639065,0.00025281870762046594
879,75,fourth_root,mae,0.18439873088428613,0.0007622132758585796
880,75,fourth_root,mse,0.20043344528401635,0.00075906626346112
881,75,fourth_root,friedman_mse,0.19400990903377566,0.00041586712687181903
882,75,multi_indept,mae,0.11140430166355393,0.0006556527912568143
883,75,multi_indept,mse,0.11082548848225884,0.0004382177657590872
884,75,multi_indept,friedman_mse,0.1113244284479897,0.0006939075715406749
885,75,bernoulli,mae,1.6664282860998114,0.004880518359751795
886,75,bernoulli,mse,1.7027365154268863,0.008583480016862419
887,75,bernoulli,friedman_mse,1.6739937932858726,0.004959215448802128
888,75,square,mae,0.0591541828854517,5.027921425897805e-05
889,75,square,mse,0.05922616621259631,7.897434485836984e-05
890,75,square,friedman_mse,0.058905477264157347,7.564999025159763e-05
891,75,linear,mae,0.8301894803245224,0.003742538280441206
892,75,linear,mse,0.8495952279732407,0.002774241543253747
893,75,linear,friedman_mse,0.8410614195464982,0.006265931785026834
894,75,exponential,mae,189.02203639768248,1.618649081436614
895,75,exponential,mse,172.12372567195774,2.2627329281600943
896,75,exponential,friedman_mse,186.97462815885348,2.8723886547785185
897,75,cubic,mae,147.81103346792858,3.1279994582889548
898,75,cubic,mse,154.36769312843774,1.660736860989494
899,75,cubic,friedman_mse,159.6738787297263,2.0755518474899484
900,80,joint_normal,mae,0.10918555557299096,0.0001584961510338257
901,80,joint_normal,mse,0.10731451059167692,0.00014498031627733314
902,80,joint_normal,friedman_mse,0.10635454109304047,0.0001495458797352226
903,80,sine_4pi,mae,0.07053540290850459,8.320116756033806e-05
904,80,sine_4pi,mse,0.07103737353680974,8.306683303486462e-05
905,80,sine_4pi,friedman_mse,0.07084516252823088,7.028256591370045e-05
906,80,sine_16pi,mae,0.0710273946267258,6.64493287372853e-05
907,80,sine_16pi,mse,0.07097073490619896,0.0001354885727503311
908,80,sine_16pi,friedman_mse,0.0712199379232765,8.71940224200084e-05
909,80,multi_noise,mae,0.10422705934896566,0.00037541911578998566
910,80,multi_noise,mse,0.1018130033095856,0.00021496250865237214
911,80,multi_noise,friedman_mse,0.10199113504498061,0.00010522456748488837
912,80,step,mae,0.5724289090493224,0.005602678686150996
913,80,step,mse,0.5681549889902048,0.002613068800092765
914,80,step,friedman_mse,0.5718288063732506,0.0036054875085556443
915,80,spiral,mae,5.380472605188183,0.04609846317047539
916,80,spiral,mse,5.078083013019358,0.05671607075097114
917,80,spiral,friedman_mse,5.337680275674842,0.07695470497957763
918,80,circle,mae,0.07253000311606693,0.00029344482797251067
919,80,circle,mse,0.07375532041831348,0.0004601287608561932
920,80,circle,friedman_mse,0.07541547558252518,0.00042654435349981937
921,80,ellipse,mae,0.07363729709743634,0.0005149089620267417
922,80,ellipse,mse,0.07313047095645202,0.0001529952605843712
923,80,ellipse,friedman_mse,0.07366207379203431,0.0003040402066624897
924,80,diamond,mae,0.05902687453263672,9.176149097565235e-05
925,80,diamond,mse,0.05980589017573797,5.733747605451333e-05
926,80,diamond,friedman_mse,0.05923946691501865,5.3186991031953674e-05
927,80,log,mae,0.29520364738149585,0.0005449186271178567
928,80,log,mse,0.2901484599767229,0.00029877723905990026
929,80,log,friedman_mse,0.29439644766801054,0.0003311967372618363
930,80,quadratic,mae,3.532746621473995,0.01705400917940873
931,80,quadratic,mse,3.42767233351024,0.02989008738318461
932,80,quadratic,friedman_mse,3.2251296371850557,0.017589226389776846
933,80,w_shape,mae,5.118376787074484,0.05818896525167506
934,80,w_shape,mse,3.2597625118374234,0.12852074347134804
935,80,w_shape,friedman_mse,3.2191673837765933,0.0306065869109331
936,80,two_parabolas,mae,0.043023835949232286,0.00030300446841585125
937,80,two_parabolas,mse,0.04251979617359582,0.00032622193454903806
938,80,two_parabolas,friedman_mse,0.043202808289734905,0.0002090071129536341
939,80,fourth_root,mae,0.19136465013925819,0.0006986107039842373
940,80,fourth_root,mse,0.19566922097238176,0.0006642850840772333
941,80,fourth_root,friedman_mse,0.1964759983996515,0.0004904191478031543
942,80,multi_indept,mae,0.10988163872711457,0.00046054967039159715
943,80,multi_indept,mse,0.10976418975013338,0.0002748216218847023
944,80,multi_indept,friedman_mse,0.11092859750297956,0.0005865872960462481
945,80,bernoulli,mae,1.6947915541779104,0.0046129291236426066
946,80,bernoulli,mse,1.680302283751902,0.009590250381030337
947,80,bernoulli,friedman_mse,1.6772870412119005,0.004286789377890551
948,80,square,mae,0.05948059584994442,8.050210205427281e-05
949,80,square,mse,0.05950408112210313,3.275580514769083e-05
950,80,square,friedman_mse,0.05897991568062205,6.499473118799242e-05
951,80,linear,mae,0.8217228540791014,0.00376193391978722
952,80,linear,mse,0.831399191548958,0.0020807576014192546
953,80,linear,friedman_mse,0.8378570159484596,0.00423559014511753
954,80,exponential,mae,184.49398595108156,2.8326516137869744
955,80,exponential,mse,198.290031104842,1.6723393242027684
956,80,exponential,friedman_mse,202.27906339990525,1.2768538471323432
957,80,cubic,mae,183.20142216952186,1.600283484359858
958,80,cubic,mse,149.83222118087082,1.5257758050430332
959,80,cubic,friedman_mse,145.45723214450723,1.2551116359722898
960,85,joint_normal,mae,0.10766451893115236,0.00017914336087487766
961,85,joint_normal,mse,0.10874987997500678,0.00014014160401741894
962,85,joint_normal,friedman_mse,0.10914235897222566,0.0002197625052498419
963,85,sine_4pi,mae,0.07065215129212306,8.69101874631579e-05
964,85,sine_4pi,mse,0.07065651407053539,6.757214495695315e-05
965,85,sine_4pi,friedman_mse,0.07094884608666976,7.60786344353246e-05
966,85,sine_16pi,mae,0.071025762420976,3.9075680211944545e-05
967,85,sine_16pi,mse,0.07064689203614319,0.00010078925869239605
968,85,sine_16pi,friedman_mse,0.07083240031840185,0.00011299944610345355
969,85,multi_noise,mae,0.10382739805975252,0.00031649169176730253
970,85,multi_noise,mse,0.1051982749532463,0.00030327310276105564
971,85,multi_noise,friedman_mse,0.10100577980069662,0.0001208163525827857
972,85,step,mae,0.5718316039312279,0.005932338033518053
973,85,step,mse,0.5705940277854161,0.0026717083601276964
974,85,step,friedman_mse,0.5732756360260808,0.0026417936878633244
975,85,spiral,mae,5.13181558670592,0.029892273696373275
976,85,spiral,mse,5.2400462841426645,0.03700404189211307
977,85,spiral,friedman_mse,5.237397358939079,0.05452993753718129
978,85,circle,mae,0.0725904320596526,0.00028518294779083776
979,85,circle,mse,0.0736691486555486,0.00021594437547228123
980,85,circle,friedman_mse,0.07449777114654335,0.0005571745079607041
981,85,ellipse,mae,0.07452098122298809,0.0004377162128745076
982,85,ellipse,mse,0.07369650430400619,0.00035149121887990183
983,85,ellipse,friedman_mse,0.0752685262284544,0.0003646190545081787
984,85,diamond,mae,0.05892892084481364,7.284007847299191e-05
985,85,diamond,mse,0.0591949118942355,9.059635287974493e-05
986,85,diamond,friedman_mse,0.058706638725880535,5.807182572447084e-05
987,85,log,mae,0.29169233158084307,0.0004624798348452481
988,85,log,mse,0.2916997076116453,0.00047912060089860115
989,85,log,friedman_mse,0.2951310684563897,0.00038543922675157087
990,85,quadratic,mae,3.241855917527076,0.02973448974054707
991,85,quadratic,mse,3.523268865744096,0.016200714202362618
992,85,quadratic,friedman_mse,3.5992011370408954,0.019606250830380503
993,85,w_shape,mae,3.6596296214489654,0.09017491139578884
994,85,w_shape,mse,5.50970218597229,0.029819850253240986
995,85,w_shape,friedman_mse,3.7240719089867538,0.06143741299789017
996,85,two_parabolas,mae,0.04293376956831347,0.0003614213011794234
997,85,two_parabolas,mse,0.04250743343435774,0.00034038733888523286
998,85,two_parabolas,friedman_mse,0.04199040070392109,0.00021237831557015472
999,85,fourth_root,mae,0.19897733004037602,0.0004035688586716238
1000,85,fourth_root,mse,0.18702938385606135,0.0014212556938690162
1001,85,fourth_root,friedman_mse,0.19566764363564804,0.0005631830450043208
1002,85,multi_indept,mae,0.10960485513797999,0.0004501926972825439
1003,85,multi_indept,mse,0.1103148645492212,0.0002777521172215458
1004,85,multi_indept,friedman_mse,0.11004669182168936,0.0003011716087707861
1005,85,bernoulli,mae,1.623589007258437,0.005902608446065257
1006,85,bernoulli,mse,1.6396089593367946,0.007177694940336782
1007,85,bernoulli,friedman_mse,1.670290167438664,0.004769281164359189
1008,85,square,mae,0.05885715570967026,6.693010854119063e-05
1009,85,square,mse,0.05903212927194096,6.535029943601047e-05
1010,85,square,friedman_mse,0.05915423281391742,5.94846011676899e-05
1011,85,linear,mae,0.8245447819258016,0.0030397261549168593
1012,85,linear,mse,0.8405121267250115,0.0035644863219344795
1013,85,linear,friedman_mse,0.8392778296338863,0.0037519186038892974
1014,85,exponential,mae,191.4398035629165,2.5910876884697163
1015,85,exponential,mse,195.5793739155768,1.37731499955343
1016,85,exponential,friedman_mse,179.4988453213264,1.6740693348408993
1017,85,cubic,mae,153.04254124308324,2.0590339853082096
1018,85,cubic,mse,140.63032985298133,1.0521074441912264
1019,85,cubic,friedman_mse,151.16965486153674,1.5470869993193699
1020,90,joint_normal,mae,0.10916904760201532,0.0002201299401308911
1021,90,joint_normal,mse,0.10630691796670844,0.00016831855005204694
1022,90,joint_normal,friedman_mse,0.10858846825611587,0.00018410844618363777
1023,90,sine_4pi,mae,0.07063567137842335,5.015563104049096e-05
1024,90,sine_4pi,mse,0.07072391230265843,7.492723284614079e-05
1025,90,sine_4pi,friedman_mse,0.07116808597842396,9.429504025008833e-05
1026,90,sine_16pi,mae,0.07109754246684112,9.579948912868533e-05
1027,90,sine_16pi,mse,0.07090340769413896,7.079876906213415e-05
1028,90,sine_16pi,friedman_mse,0.07070238872899429,8.514023679872439e-05
1029,90,multi_noise,mae,0.10460522948664235,0.00026686532716658107
1030,90,multi_noise,mse,0.10197918760763695,0.00024418502379395645
1031,90,multi_noise,friedman_mse,0.1027207705156398,0.0001614523350737041
1032,90,step,mae,0.5764786170781775,0.002973275157667549
1033,90,step,mse,0.5744352545563604,0.0022650192663515104
1034,90,step,friedman_mse,0.5666598740283402,0.00199339825889779
1035,90,spiral,mae,5.265172547482962,0.04283088783432027
1036,90,spiral,mse,5.171851368144511,0.045587550417066955
1037,90,spiral,friedman_mse,5.374568192423704,0.0610405289100017
1038,90,circle,mae,0.07334911335959886,0.0004335969967589586
1039,90,circle,mse,0.0733373990748875,0.0002525060651675633
1040,90,circle,friedman_mse,0.0735662614818845,0.0003519015601595596
1041,90,ellipse,mae,0.0741094919481636,0.00048344007818360566
1042,90,ellipse,mse,0.0743028284397622,0.00034977170409911763
1043,90,ellipse,friedman_mse,0.07417220896350253,0.00041840680180398266
1044,90,diamond,mae,0.05925021238678233,3.0734545224332785e-05
1045,90,diamond,mse,0.05946594975715991,6.742704734155557e-05
1046,90,diamond,friedman_mse,0.05904832046967712,4.831188471396687e-05
1047,90,log,mae,0.29580377582057665,0.0005136434935071732
1048,90,log,mse,0.294487400978751,0.0006591243088415905
1049,90,log,friedman_mse,0.2929678123458562,0.0005398186040105919
1050,90,quadratic,mae,3.473747732972813,0.023785907247987386
1051,90,quadratic,mse,3.2629665969260744,0.018610224738837507
1052,90,quadratic,friedman_mse,3.2976559710644198,0.022689010398360472
1053,90,w_shape,mae,4.24333321920671,0.06118552008958743
1054,90,w_shape,mse,4.185535457975066,0.11422541476049757
1055,90,w_shape,friedman_mse,3.30125330445983,0.09585531449362872
1056,90,two_parabolas,mae,0.041415946666369954,0.00015848133528477342
1057,90,two_parabolas,mse,0.04423810082639436,0.00019329064797233815
1058,90,two_parabolas,friedman_mse,0.042712677564295164,0.00021389245502002102
1059,90,fourth_root,mae,0.2017641143101007,0.0007248455177396144
1060,90,fourth_root,mse,0.18723123805842828,0.0008360154626201314
1061,90,fourth_root,friedman_mse,0.19622734180270762,0.0008887983516145904
1062,90,multi_indept,mae,0.11086514502247631,0.0008876543151839524
1063,90,multi_indept,mse,0.10985081375103387,0.0005365364831955142
1064,90,multi_indept,friedman_mse,0.11025183132773284,0.00036826170929995573
1065,90,bernoulli,mae,1.669310317765089,0.004673934669520654
1066,90,bernoulli,mse,1.6748753279596802,0.007548632773930568
1067,90,bernoulli,friedman_mse,1.6234267084417262,0.0053506062513476605
1068,90,square,mae,0.058995409064333426,5.5271422423744096e-05
1069,90,square,mse,0.05943786109699706,6.837234328844078e-05
1070,90,square,friedman_mse,0.05888883897018484,5.0955715105148514e-05
1071,90,linear,mae,0.8369868578009472,0.00293288954032115
1072,90,linear,mse,0.834673935903522,0.004393551777217806
1073,90,linear,friedman_mse,0.8261186133883074,0.002760844649873113
1074,90,exponential,mae,188.45389206687,2.850230145759913
1075,90,exponential,mse,192.02433585466923,1.6781742771922217
1076,90,exponential,friedman_mse,187.94137094752006,1.9921434855045672
1077,90,cubic,mae,161.18581624592113,2.613940113613281
1078,90,cubic,mse,154.6084495912933,1.3730608992433389
1079,90,cubic,friedman_mse,139.64505370414048,1.875207721430388
1080,95,joint_normal,mae,0.109763607336507,0.00013194790576731075
1081,95,joint_normal,mse,0.10835999865140611,0.00013132073472707135
1082,95,joint_normal,friedman_mse,0.10710738721090525,0.00015380500762044778
1083,95,sine_4pi,mae,0.07071033972662712,4.277240327623337e-05
1084,95,sine_4pi,mse,0.07085559950255008,7.628938700660612e-05
1085,95,sine_4pi,friedman_mse,0.07089719653157335,4.116783836353564e-05
1086,95,sine_16pi,mae,0.07075395550343495,9.385399191937969e-05
1087,95,sine_16pi,mse,0.07081937412200458,8.203247152019441e-05
1088,95,sine_16pi,friedman_mse,0.07041533036887636,6.769908514759541e-05
1089,95,multi_noise,mae,0.10508994612912403,0.00030816225069990816
1090,95,multi_noise,mse,0.10313351874719645,0.0002275960685139872
1091,95,multi_noise,friedman_mse,0.1019619534915226,0.00010604526883882154
1092,95,step,mae,0.5824483103473446,0.0037917564996109102
1093,95,step,mse,0.5719222855612144,0.000851356472734408
1094,95,step,friedman_mse,0.5702327261364866,0.0023557003831278637
1095,95,spiral,mae,5.20935057286538,0.0336911453799204
1096,95,spiral,mse,5.339577598978364,0.04075247913900402
1097,95,spiral,friedman_mse,5.328406310509143,0.041401290713106574
1098,95,circle,mae,0.07356964769220013,0.0003657809127623855
1099,95,circle,mse,0.07396070139738622,0.00015951811565459003
1100,95,circle,friedman_mse,0.07459010467915814,0.00033946059003494834
1101,95,ellipse,mae,0.07321189403947957,0.0002479239983428713
1102,95,ellipse,mse,0.07501539519418336,0.0002492658845119954
1103,95,ellipse,friedman_mse,0.07313103471841123,0.0003770702622027238
1104,95,diamond,mae,0.05907440703548976,6.087419403011094e-05
1105,95,diamond,mse,0.05921899026445382,6.42661928081986e-05
1106,95,diamond,friedman_mse,0.058524933508559994,6.62124997514821e-05
1107,95,log,mae,0.2909026204837282,0.0004524279443089183
1108,95,log,mse,0.29179740497765494,0.0004993859218122749
1109,95,log,friedman_mse,0.2938198925811488,0.00036823838401128925
1110,95,quadratic,mae,3.3515328175743733,0.017977236279521663
1111,95,quadratic,mse,3.3271731799419646,0.019324248038885647
1112,95,quadratic,friedman_mse,3.258265948878866,0.01082232345392608
1113,95,w_shape,mae,4.42145677665157,0.023598961400610675
1114,95,w_shape,mse,5.079778269916916,0.013724797897744284
1115,95,w_shape,friedman_mse,5.0186793887629175,0.02148188682497603
1116,95,two_parabolas,mae,0.04431084820027312,0.0003040535212969631
1117,95,two_parabolas,mse,0.03874043039164492,0.0003619102937237924
1118,95,two_parabolas,friedman_mse,0.04221687291694115,0.0003430766649731767
1119,95,fourth_root,mae,0.18891532195044106,0.0006375878746055513
1120,95,fourth_root,mse,0.19158081248131525,0.00047610828859995165
1121,95,fourth_root,friedman_mse,0.19840279150994494,0.0008380204917353163
1122,95,multi_indept,mae,0.11075612505832792,0.0005266076602165548
1123,95,multi_indept,mse,0.11049356208447991,0.00031200292643267545
1124,95,multi_indept,friedman_mse,0.11155191071390735,0.0004577205367047337
1125,95,bernoulli,mae,1.6376787860556437,0.0053157550128005975
1126,95,bernoulli,mse,1.6722543875542228,0.006444062043697008
1127,95,bernoulli,friedman_mse,1.6368080068917767,0.004434973875387707
1128,95,square,mae,0.05933716198868163,6.442125778088209e-05
1129,95,square,mse,0.05904454192086226,9.908436770844247e-05
1130,95,square,friedman_mse,0.05890322729288892,5.1054799081231905e-05
1131,95,linear,mae,0.8095159676916367,0.0020968052746900977
1132,95,linear,mse,0.8257375272086206,0.004924271100913444
1133,95,linear,friedman_mse,0.8567379289617568,0.0027125902387167716
1134,95,exponential,mae,198.96190247655798,2.6938414438824614
1135,95,exponential,mse,181.7316358553207,1.3563402484434635
1136,95,exponential,friedman_mse,186.1305473880853,1.8263068411250425
1137,95,cubic,mae,152.01297424242082,2.2471582249868014
1138,95,cubic,mse,152.36317520339085,1.9571915636476473
1139,95,cubic,friedman_mse,142.1437944594483,0.9976026338812308
1140,100,joint_normal,mae,0.10855712796626873,0.00011054080419861213
1141,100,joint_normal,mse,0.10789901467373397,9.728552934994378e-05
1142,100,joint_normal,friedman_mse,0.10841093848186703,0.0002835923007146596
1143,100,sine_4pi,mae,0.07068154004682123,3.1648250465053075e-05
1144,100,sine_4pi,mse,0.06993660134034864,7.430166463576867e-05
1145,100,sine_4pi,friedman_mse,0.07045467590792376,7.732654942853415e-05
1146,100,sine_16pi,mae,0.07084757029967204,8.192928213208548e-05
1147,100,sine_16pi,mse,0.07070148031196793,5.7569418987421625e-05
1148,100,sine_16pi,friedman_mse,0.07081950614055817,0.0001309319688519954
1149,100,multi_noise,mae,0.1046386749755174,0.00039896553997352833
1150,100,multi_noise,mse,0.10606790954180156,0.0001719510413207868
1151,100,multi_noise,friedman_mse,0.10347714058577732,8.836618481136093e-05
1152,100,step,mae,0.5748153962846722,0.0016251582721476762
1153,100,step,mse,0.5734558058694151,0.0024062401097896275
1154,100,step,friedman_mse,0.5807572131515826,0.002831172414519832
1155,100,spiral,mae,5.29612823963841,0.053581431786117295
1156,100,spiral,mse,5.231685023865855,0.0763753136250382
1157,100,spiral,friedman_mse,5.31678766371053,0.05129706482524758
1158,100,circle,mae,0.07292168764180107,0.00040400826812904216
1159,100,circle,mse,0.07291925112607109,0.0002056815622742567
1160,100,circle,friedman_mse,0.07398710961579784,0.0002298665630218518
1161,100,ellipse,mae,0.07380104294682946,0.0003237195716089282
1162,100,ellipse,mse,0.07113171656044884,0.0003379155683786829
1163,100,ellipse,friedman_mse,0.07305751742199261,0.00039281789715916397
1164,100,diamond,mae,0.059013505073159944,6.040688724007426e-05
1165,100,diamond,mse,0.05920021401904112,6.506022503248346e-05
1166,100,diamond,friedman_mse,0.05861984954352043,3.508827534941399e-05
1167,100,log,mae,0.29552660610421017,0.0004209294605492086
1168,100,log,mse,0.28817626304864014,0.0003636120889652321
1169,100,log,friedman_mse,0.28793113031576784,0.0001930758132453009
1170,100,quadratic,mae,3.3169658671178226,0.034080541114665006
1171,100,quadratic,mse,3.112553130039469,0.024979489138971193
1172,100,quadratic,friedman_mse,3.494891224978333,0.028956975095247913
1173,100,w_shape,mae,3.895944686560134,0.17624606150168867
1174,100,w_shape,mse,3.986552902123197,0.12725253824113497
1175,100,w_shape,friedman_mse,4.165339280449024,0.0922574150118417
1176,100,two_parabolas,mae,0.041530326144263476,0.0004300047396108716
1177,100,two_parabolas,mse,0.040013895901927124,0.0002305827023728536
1178,100,two_parabolas,friedman_mse,0.04326602186798359,0.0001454256210165026
1179,100,fourth_root,mae,0.20130828938391807,0.0007631088689340901
1180,100,fourth_root,mse,0.19417357752273257,0.0011826447056785554
1181,100,fourth_root,friedman_mse,0.19484064889418656,0.0005780650791836876
1182,100,multi_indept,mae,0.10984405856244613,0.0004759955080816253
1183,100,multi_indept,mse,0.10941475963683975,0.0004569472972172025
1184,100,multi_indept,friedman_mse,0.11043197990361062,0.0004873718200202442
1185,100,bernoulli,mae,1.6461441973560766,0.006338017750664225
1186,100,bernoulli,mse,1.6707310297229157,0.005035382134811004
1187,100,bernoulli,friedman_mse,1.6436254905870828,0.006021817171913834
1188,100,square,mae,0.059187992833836356,4.8325500321844964e-05
1189,100,square,mse,0.05903110574451996,7.121420132272364e-05
1190,100,square,friedman_mse,0.05892803634690297,5.415926626251998e-05
1191,100,linear,mae,0.8503969623314065,0.004197871309411348
1192,100,linear,mse,0.8340514804673381,0.007178946774426571
1193,100,linear,friedman_mse,0.8145383498630983,0.003444416441625628
1194,100,exponential,mae,187.87234130046596,1.6080877515057372
1195,100,exponential,mse,189.26762178294334,1.2072410531969178
1196,100,exponential,friedman_mse,180.94924910518932,2.2739609270377743
1197,100,cubic,mae,163.25227333781308,2.107622371850349
1198,100,cubic,mse,152.99214663188667,1.3281295096010275
1199,100,cubic,friedman_mse,155.51292196717694,1.4769617064409815
