,sim,n_samples,n_dim,split,mse
0,cub_sim,30,1,mae,261.660386305621
1,cub_sim,30,1,mae,102.81998397220043
2,cub_sim,30,1,mae,233.24479146859414
3,cub_sim,30,1,mae,649.9052120413503
4,cub_sim,30,1,mae,161.747113161394
5,cub_sim,30,1,mae,208.1381883023322
6,cub_sim,30,1,mae,203.7605720337016
7,cub_sim,30,1,mae,202.14705336508794
8,cub_sim,30,1,mae,754.5817289327749
9,cub_sim,30,1,mae,148.78780167968387
10,spiral_sim,30,1,mae,0.8761731806172622
11,spiral_sim,30,1,mae,1.372205060742562
12,spiral_sim,30,1,mae,0.6563145011076603
13,spiral_sim,30,1,mae,0.921329366509756
14,spiral_sim,30,1,mae,2.0066148916846607
15,spiral_sim,30,1,mae,0.8694636294078968
16,spiral_sim,30,1,mae,0.9841921874862011
17,spiral_sim,30,1,mae,1.4296158206905458
18,spiral_sim,30,1,mae,1.3846171107087009
19,spiral_sim,30,1,mae,0.7156581694136622
20,cub_sim,30,2,mae,807.4050575246284
21,cub_sim,30,2,mae,234.87368343203025
22,cub_sim,30,2,mae,4953.810516149881
23,cub_sim,30,2,mae,6017.677670903828
24,cub_sim,30,2,mae,5457.542502042497
25,cub_sim,30,2,mae,2564.511049463407
26,cub_sim,30,2,mae,258.88944639388916
27,cub_sim,30,2,mae,642.0640460857302
28,cub_sim,30,2,mae,4796.430146291708
29,cub_sim,30,2,mae,639.8494300085284
30,spiral_sim,30,2,mae,1.549836096780017
31,spiral_sim,30,2,mae,1.4534659564732595
32,spiral_sim,30,2,mae,0.3431684639884274
33,spiral_sim,30,2,mae,0.6388741855491434
34,spiral_sim,30,2,mae,0.715739148322243
35,spiral_sim,30,2,mae,0.8720594390491753
36,spiral_sim,30,2,mae,0.5199189849596546
37,spiral_sim,30,2,mae,1.4566456025756596
38,spiral_sim,30,2,mae,0.3391933860199782
39,spiral_sim,30,2,mae,0.8220239958940548
40,cub_sim,30,3,mae,330.51353163018666
41,cub_sim,30,3,mae,540.8750881327552
42,cub_sim,30,3,mae,120.61561434483362
43,cub_sim,30,3,mae,497.5071099068766
44,cub_sim,30,3,mae,497.12040941217003
45,cub_sim,30,3,mae,764.7759015057941
46,cub_sim,30,3,mae,302.06415774083223
47,cub_sim,30,3,mae,278.1350467502369
48,cub_sim,30,3,mae,646.8028893360097
49,cub_sim,30,3,mae,36.88419812571509
50,spiral_sim,30,3,mae,1.7828913111692661
51,spiral_sim,30,3,mae,0.8206892481577771
52,spiral_sim,30,3,mae,0.9807745463285471
53,spiral_sim,30,3,mae,1.5556664410474128
54,spiral_sim,30,3,mae,0.6382047907255085
55,spiral_sim,30,3,mae,0.659930934219558
56,spiral_sim,30,3,mae,1.0328174830469738
57,spiral_sim,30,3,mae,1.2176979215519605
58,spiral_sim,30,3,mae,1.145360142149311
59,spiral_sim,30,3,mae,0.8119507649801074
60,cub_sim,30,4,mae,5707.102788935231
61,cub_sim,30,4,mae,4957.534925919559
62,cub_sim,30,4,mae,3994.707649711133
63,cub_sim,30,4,mae,384.3720456332928
64,cub_sim,30,4,mae,1057.1549482389996
65,cub_sim,30,4,mae,1610.9260343794667
66,cub_sim,30,4,mae,495.6342216494261
67,cub_sim,30,4,mae,836.9586352746913
68,cub_sim,30,4,mae,1152.2036997935395
69,cub_sim,30,4,mae,1221.5120217990268
70,spiral_sim,30,4,mae,0.18512584410387847
71,spiral_sim,30,4,mae,0.5081879004536821
72,spiral_sim,30,4,mae,2.4347562148632194
73,spiral_sim,30,4,mae,1.210289866771862
74,spiral_sim,30,4,mae,1.3306865114660353
75,spiral_sim,30,4,mae,0.9259844228689563
76,spiral_sim,30,4,mae,0.9625546566222419
77,spiral_sim,30,4,mae,2.0481745865527548
78,spiral_sim,30,4,mae,2.869123613863038
79,spiral_sim,30,4,mae,2.0931517327321116
80,cub_sim,30,5,mae,1275.8344018036173
81,cub_sim,30,5,mae,11963.222391074616
82,cub_sim,30,5,mae,2567.133929346452
83,cub_sim,30,5,mae,943.6901451486722
84,cub_sim,30,5,mae,10644.907045638769
85,cub_sim,30,5,mae,297.50851702393317
86,cub_sim,30,5,mae,7024.654597000628
87,cub_sim,30,5,mae,3850.483992902622
88,cub_sim,30,5,mae,4583.972452086284
89,cub_sim,30,5,mae,332.5744152934786
90,spiral_sim,30,5,mae,1.1123121054843044
91,spiral_sim,30,5,mae,1.1147719326817884
92,spiral_sim,30,5,mae,0.9796455706340812
93,spiral_sim,30,5,mae,3.041293887590088
94,spiral_sim,30,5,mae,1.8724068313197284
95,spiral_sim,30,5,mae,1.3918410679240316
96,spiral_sim,30,5,mae,2.121539639961136
97,spiral_sim,30,5,mae,1.2139091342803379
98,spiral_sim,30,5,mae,0.7787738163842293
99,spiral_sim,30,5,mae,3.2315397300182482
100,cub_sim,30,6,mae,7186.558938562214
101,cub_sim,30,6,mae,189.61409612192656
102,cub_sim,30,6,mae,1823.2111664346005
103,cub_sim,30,6,mae,2354.3887092499963
104,cub_sim,30,6,mae,10222.026368792858
105,cub_sim,30,6,mae,4279.228188645275
106,cub_sim,30,6,mae,3774.862568087772
107,cub_sim,30,6,mae,2113.5610555639582
108,cub_sim,30,6,mae,2322.1783952929977
109,cub_sim,30,6,mae,1194.0028027616843
110,spiral_sim,30,6,mae,1.3875429112670505
111,spiral_sim,30,6,mae,2.2146230754552847
112,spiral_sim,30,6,mae,4.788587023432429
113,spiral_sim,30,6,mae,2.537163579936004
114,spiral_sim,30,6,mae,3.0254330163090417
115,spiral_sim,30,6,mae,2.6699664953902187
116,spiral_sim,30,6,mae,1.700723849261938
117,spiral_sim,30,6,mae,3.2816357477806055
118,spiral_sim,30,6,mae,0.9594083584339222
119,spiral_sim,30,6,mae,0.7076105089961363
120,cub_sim,30,7,mae,10496.297650449204
121,cub_sim,30,7,mae,667.8221384446338
122,cub_sim,30,7,mae,789.3375531217041
123,cub_sim,30,7,mae,404.606188123529
124,cub_sim,30,7,mae,3620.5042082835007
125,cub_sim,30,7,mae,23231.033888500064
126,cub_sim,30,7,mae,4241.612092116897
127,cub_sim,30,7,mae,3299.119699497201
128,cub_sim,30,7,mae,4053.617831679017
129,cub_sim,30,7,mae,1398.0471476633281
130,spiral_sim,30,7,mae,3.444241632155074
131,spiral_sim,30,7,mae,1.950743596213392
132,spiral_sim,30,7,mae,1.3908774963275061
133,spiral_sim,30,7,mae,6.383389061553987
134,spiral_sim,30,7,mae,1.700367719104931
135,spiral_sim,30,7,mae,3.476497572786931
136,spiral_sim,30,7,mae,2.240377941216658
137,spiral_sim,30,7,mae,3.1980338687767897
138,spiral_sim,30,7,mae,3.494289937664833
139,spiral_sim,30,7,mae,3.623453686754534
140,cub_sim,30,8,mae,326.48173112661044
141,cub_sim,30,8,mae,5789.020625459608
142,cub_sim,30,8,mae,885.7959112424019
143,cub_sim,30,8,mae,26783.893531092475
144,cub_sim,30,8,mae,1689.584524288315
145,cub_sim,30,8,mae,801.2863873820921
146,cub_sim,30,8,mae,171.6744431106742
147,cub_sim,30,8,mae,11173.442105912003
148,cub_sim,30,8,mae,632.5718531230276
149,cub_sim,30,8,mae,45.91227885735257
150,spiral_sim,30,8,mae,3.488648249064952
151,spiral_sim,30,8,mae,3.274190039445331
152,spiral_sim,30,8,mae,3.696461566684049
153,spiral_sim,30,8,mae,3.0977701292269897
154,spiral_sim,30,8,mae,3.139635486414491
155,spiral_sim,30,8,mae,2.685095664090687
156,spiral_sim,30,8,mae,3.513294354226939
157,spiral_sim,30,8,mae,6.429738256373492
158,spiral_sim,30,8,mae,3.2350013332178587
159,spiral_sim,30,8,mae,0.5159800690623705
160,cub_sim,30,9,mae,488.117145203243
161,cub_sim,30,9,mae,1161.5947829648633
162,cub_sim,30,9,mae,2086.097808955312
163,cub_sim,30,9,mae,551.7196625633696
164,cub_sim,30,9,mae,970.4407953337229
165,cub_sim,30,9,mae,23185.976956946037
166,cub_sim,30,9,mae,6722.468173960652
167,cub_sim,30,9,mae,12092.756516467141
168,cub_sim,30,9,mae,11247.88350413435
169,cub_sim,30,9,mae,7174.184169086478
170,spiral_sim,30,9,mae,3.3641847755877374
171,spiral_sim,30,9,mae,3.892130141066333
172,spiral_sim,30,9,mae,4.181937334486784
173,spiral_sim,30,9,mae,3.57673380704157
174,spiral_sim,30,9,mae,4.977920813900529
175,spiral_sim,30,9,mae,3.915924956927137
176,spiral_sim,30,9,mae,8.058032697949162
177,spiral_sim,30,9,mae,4.789058328537651
178,spiral_sim,30,9,mae,2.8829964275018645
179,spiral_sim,30,9,mae,4.912161844067353
180,cub_sim,30,1,mse,260.9261025281192
181,cub_sim,30,1,mse,101.81070620547412
182,cub_sim,30,1,mse,229.5469356148756
183,cub_sim,30,1,mse,652.1061184044187
184,cub_sim,30,1,mse,163.96121079171107
185,cub_sim,30,1,mse,216.64932756797677
186,cub_sim,30,1,mse,207.20437584048173
187,cub_sim,30,1,mse,249.17131245285296
188,cub_sim,30,1,mse,754.4456074329594
189,cub_sim,30,1,mse,151.3771321024424
190,spiral_sim,30,1,mse,0.8890816802057024
191,spiral_sim,30,1,mse,1.3556887293659783
192,spiral_sim,30,1,mse,0.6619634304937246
193,spiral_sim,30,1,mse,0.9420720042094549
194,spiral_sim,30,1,mse,2.0435466820788464
195,spiral_sim,30,1,mse,0.8716228313407529
196,spiral_sim,30,1,mse,0.9978975684827817
197,spiral_sim,30,1,mse,1.4301265205320681
198,spiral_sim,30,1,mse,1.4076022237716301
199,spiral_sim,30,1,mse,0.7007340903542921
200,cub_sim,30,2,mse,701.8707794561055
201,cub_sim,30,2,mse,210.89579457010998
202,cub_sim,30,2,mse,4622.139709825684
203,cub_sim,30,2,mse,5720.669464691803
204,cub_sim,30,2,mse,5257.084470530358
205,cub_sim,30,2,mse,2275.297921043487
206,cub_sim,30,2,mse,250.60889244455564
207,cub_sim,30,2,mse,634.1456339254402
208,cub_sim,30,2,mse,4591.495700061135
209,cub_sim,30,2,mse,530.5330537518417
210,spiral_sim,30,2,mse,1.486089441382687
211,spiral_sim,30,2,mse,1.4056491953048496
212,spiral_sim,30,2,mse,0.3255976081855324
213,spiral_sim,30,2,mse,0.621319507763057
214,spiral_sim,30,2,mse,0.6734515966492433
215,spiral_sim,30,2,mse,0.9534561539755221
216,spiral_sim,30,2,mse,0.5186819068255233
217,spiral_sim,30,2,mse,1.3854932701835851
218,spiral_sim,30,2,mse,0.33327372601843436
219,spiral_sim,30,2,mse,0.8255623690866027
220,cub_sim,30,3,mse,260.50537937846843
221,cub_sim,30,3,mse,486.75140591324737
222,cub_sim,30,3,mse,122.43888812862295
223,cub_sim,30,3,mse,506.12054784752047
224,cub_sim,30,3,mse,551.9830687778347
225,cub_sim,30,3,mse,738.7519530570784
226,cub_sim,30,3,mse,331.1714521617971
227,cub_sim,30,3,mse,323.83581715813557
228,cub_sim,30,3,mse,535.7863842549867
229,cub_sim,30,3,mse,84.9285350622413
230,spiral_sim,30,3,mse,1.7791773549962029
231,spiral_sim,30,3,mse,0.8433869057628129
232,spiral_sim,30,3,mse,1.0008398377909054
233,spiral_sim,30,3,mse,1.5203938608640344
234,spiral_sim,30,3,mse,0.630003651054637
235,spiral_sim,30,3,mse,0.6396229114516949
236,spiral_sim,30,3,mse,1.009551097178575
237,spiral_sim,30,3,mse,1.2166310154291808
238,spiral_sim,30,3,mse,1.1548218598677118
239,spiral_sim,30,3,mse,0.7727936140359761
240,cub_sim,30,4,mse,5384.740521844345
241,cub_sim,30,4,mse,4688.110873228909
242,cub_sim,30,4,mse,3602.0862821329747
243,cub_sim,30,4,mse,371.33361751869387
244,cub_sim,30,4,mse,1008.4273324010289
245,cub_sim,30,4,mse,1437.0932900290693
246,cub_sim,30,4,mse,497.79579337807775
247,cub_sim,30,4,mse,864.6889636094867
248,cub_sim,30,4,mse,1256.343516683343
249,cub_sim,30,4,mse,1025.116935652535
250,spiral_sim,30,4,mse,0.17618991947379917
251,spiral_sim,30,4,mse,0.4948838094483744
252,spiral_sim,30,4,mse,2.4103148872180786
253,spiral_sim,30,4,mse,1.240018019786816
254,spiral_sim,30,4,mse,1.3592384183953716
255,spiral_sim,30,4,mse,0.9245421122710676
256,spiral_sim,30,4,mse,0.9038230601414484
257,spiral_sim,30,4,mse,1.951056843493767
258,spiral_sim,30,4,mse,2.877585742934179
259,spiral_sim,30,4,mse,2.095665918541789
260,cub_sim,30,5,mse,1280.4413321780019
261,cub_sim,30,5,mse,11615.191811780653
262,cub_sim,30,5,mse,2256.8385970559593
263,cub_sim,30,5,mse,921.8613294051391
264,cub_sim,30,5,mse,10247.345346319942
265,cub_sim,30,5,mse,287.0216177632973
266,cub_sim,30,5,mse,6456.4337281678645
267,cub_sim,30,5,mse,3473.4344503507523
268,cub_sim,30,5,mse,4529.210872721598
269,cub_sim,30,5,mse,307.8763838369242
270,spiral_sim,30,5,mse,1.0261016869653234
271,spiral_sim,30,5,mse,1.136351365965674
272,spiral_sim,30,5,mse,1.0219695661123587
273,spiral_sim,30,5,mse,2.980215692795234
274,spiral_sim,30,5,mse,1.7896425846417199
275,spiral_sim,30,5,mse,1.320411737560438
276,spiral_sim,30,5,mse,2.0569539047241077
277,spiral_sim,30,5,mse,1.1859991889965684
278,spiral_sim,30,5,mse,0.83660293060491
279,spiral_sim,30,5,mse,3.3007567917706098
280,cub_sim,30,6,mse,6461.473156473027
281,cub_sim,30,6,mse,173.39595757849978
282,cub_sim,30,6,mse,1701.772435287003
283,cub_sim,30,6,mse,2317.4504877332874
284,cub_sim,30,6,mse,10232.664891589033
285,cub_sim,30,6,mse,3577.4702195640625
286,cub_sim,30,6,mse,3617.4451424584895
287,cub_sim,30,6,mse,2031.892275551966
288,cub_sim,30,6,mse,2207.5874335762464
289,cub_sim,30,6,mse,1122.238941273676
290,spiral_sim,30,6,mse,1.3626754250497308
291,spiral_sim,30,6,mse,2.214481141857386
292,spiral_sim,30,6,mse,4.777720823527088
293,spiral_sim,30,6,mse,2.490812509268794
294,spiral_sim,30,6,mse,3.007551066476736
295,spiral_sim,30,6,mse,2.6892214511954906
296,spiral_sim,30,6,mse,1.6312487931204522
297,spiral_sim,30,6,mse,3.2844886771959545
298,spiral_sim,30,6,mse,0.9491594585553563
299,spiral_sim,30,6,mse,0.7059014862405788
300,cub_sim,30,7,mse,10426.685935583764
301,cub_sim,30,7,mse,645.1004496593858
302,cub_sim,30,7,mse,745.9336138461491
303,cub_sim,30,7,mse,397.43098499085477
304,cub_sim,30,7,mse,3600.382610640088
305,cub_sim,30,7,mse,22830.55776504394
306,cub_sim,30,7,mse,4106.089457262668
307,cub_sim,30,7,mse,3169.438904891253
308,cub_sim,30,7,mse,3520.210575789432
309,cub_sim,30,7,mse,1223.599011470897
310,spiral_sim,30,7,mse,3.4277350467845333
311,spiral_sim,30,7,mse,1.9801285666237116
312,spiral_sim,30,7,mse,1.3640719485028128
313,spiral_sim,30,7,mse,6.506383532313657
314,spiral_sim,30,7,mse,1.6803272476158637
315,spiral_sim,30,7,mse,3.3977600627969426
316,spiral_sim,30,7,mse,2.32394867706631
317,spiral_sim,30,7,mse,3.2078052043349037
318,spiral_sim,30,7,mse,3.5960495038453217
319,spiral_sim,30,7,mse,3.640581660295592
320,cub_sim,30,8,mse,323.84676107190234
321,cub_sim,30,8,mse,5600.862553528659
322,cub_sim,30,8,mse,833.4820026554052
323,cub_sim,30,8,mse,26584.902075078906
324,cub_sim,30,8,mse,1542.4034911035124
325,cub_sim,30,8,mse,613.7426532150148
326,cub_sim,30,8,mse,162.15866119166967
327,cub_sim,30,8,mse,10512.419074094434
328,cub_sim,30,8,mse,608.0700693785113
329,cub_sim,30,8,mse,56.211971119003344
330,spiral_sim,30,8,mse,3.424658856230332
331,spiral_sim,30,8,mse,3.284250967948106
332,spiral_sim,30,8,mse,3.674403999354318
333,spiral_sim,30,8,mse,3.0958050543641504
334,spiral_sim,30,8,mse,3.112638156209775
335,spiral_sim,30,8,mse,2.708863047323811
336,spiral_sim,30,8,mse,3.6262273899960493
337,spiral_sim,30,8,mse,6.430868168018439
338,spiral_sim,30,8,mse,3.1937215264458474
339,spiral_sim,30,8,mse,0.5163939487763598
340,cub_sim,30,9,mse,519.80207967253
341,cub_sim,30,9,mse,1088.668123309671
342,cub_sim,30,9,mse,2036.090945534195
343,cub_sim,30,9,mse,534.8328366759462
344,cub_sim,30,9,mse,992.3604705283772
345,cub_sim,30,9,mse,23059.200585446633
346,cub_sim,30,9,mse,6439.225291286587
347,cub_sim,30,9,mse,11895.069566246555
348,cub_sim,30,9,mse,11290.412412718691
349,cub_sim,30,9,mse,6720.594033006109
350,spiral_sim,30,9,mse,3.46410290242517
351,spiral_sim,30,9,mse,3.932726815156221
352,spiral_sim,30,9,mse,4.122779667719501
353,spiral_sim,30,9,mse,3.5778915759285588
354,spiral_sim,30,9,mse,5.047230964176449
355,spiral_sim,30,9,mse,3.9225838607054966
356,spiral_sim,30,9,mse,7.942150775655031
357,spiral_sim,30,9,mse,4.754129117599649
358,spiral_sim,30,9,mse,2.8921154702874197
359,spiral_sim,30,9,mse,4.853082710190829
360,cub_sim,30,1,axis,658.4333059026472
361,cub_sim,30,1,axis,177.18122489211922
362,cub_sim,30,1,axis,390.9389842163639
363,cub_sim,30,1,axis,759.3749334945486
364,cub_sim,30,1,axis,376.64653788867656
365,cub_sim,30,1,axis,436.44507136340104
366,cub_sim,30,1,axis,415.6919619156523
367,cub_sim,30,1,axis,140.50586074438786
368,cub_sim,30,1,axis,1147.33934750397
369,cub_sim,30,1,axis,280.79582341752445
370,spiral_sim,30,1,axis,0.9495037874257195
371,spiral_sim,30,1,axis,1.4204359700355904
372,spiral_sim,30,1,axis,0.6580530355702404
373,spiral_sim,30,1,axis,0.915332390193017
374,spiral_sim,30,1,axis,1.635027093028406
375,spiral_sim,30,1,axis,0.842794831963644
376,spiral_sim,30,1,axis,1.1505991751079359
377,spiral_sim,30,1,axis,1.4371603238255308
378,spiral_sim,30,1,axis,1.3708932897459618
379,spiral_sim,30,1,axis,0.6971130973977847
380,cub_sim,30,2,axis,1099.8840047611473
381,cub_sim,30,2,axis,323.3906111705946
382,cub_sim,30,2,axis,5492.961239047727
383,cub_sim,30,2,axis,7413.6602861473775
384,cub_sim,30,2,axis,6548.9977353564145
385,cub_sim,30,2,axis,3320.3169337875206
386,cub_sim,30,2,axis,702.0503682598959
387,cub_sim,30,2,axis,1041.7165393952685
388,cub_sim,30,2,axis,5518.448857264477
389,cub_sim,30,2,axis,1048.6289292389968
390,spiral_sim,30,2,axis,2.1132437874467076
391,spiral_sim,30,2,axis,2.286800381622761
392,spiral_sim,30,2,axis,0.7866690690018897
393,spiral_sim,30,2,axis,1.0226607614666934
394,spiral_sim,30,2,axis,0.7900482592482674
395,spiral_sim,30,2,axis,1.574005205813459
396,spiral_sim,30,2,axis,0.7975001844479515
397,spiral_sim,30,2,axis,2.3284992290698674
398,spiral_sim,30,2,axis,0.6492547081040232
399,spiral_sim,30,2,axis,1.4704316176328394
400,cub_sim,30,3,axis,452.78526235223785
401,cub_sim,30,3,axis,939.0586313812769
402,cub_sim,30,3,axis,235.47762140209792
403,cub_sim,30,3,axis,491.89465299319346
404,cub_sim,30,3,axis,572.3350109090517
405,cub_sim,30,3,axis,1024.831685665185
406,cub_sim,30,3,axis,370.40196155660664
407,cub_sim,30,3,axis,255.25304105595373
408,cub_sim,30,3,axis,866.9317708796851
409,cub_sim,30,3,axis,35.14506014867209
410,spiral_sim,30,3,axis,2.157719125389052
411,spiral_sim,30,3,axis,1.240648031865233
412,spiral_sim,30,3,axis,1.0372603958604472
413,spiral_sim,30,3,axis,2.1954165097560936
414,spiral_sim,30,3,axis,0.8913557926738925
415,spiral_sim,30,3,axis,0.8719132182621472
416,spiral_sim,30,3,axis,1.4491206607131015
417,spiral_sim,30,3,axis,1.539840437249948
418,spiral_sim,30,3,axis,1.7217258468094327
419,spiral_sim,30,3,axis,1.0451166223636075
420,cub_sim,30,4,axis,7521.852565240708
421,cub_sim,30,4,axis,5388.445939923623
422,cub_sim,30,4,axis,4563.186641868486
423,cub_sim,30,4,axis,418.73952820804146
424,cub_sim,30,4,axis,1629.266740643979
425,cub_sim,30,4,axis,1987.761981205758
426,cub_sim,30,4,axis,857.3088980044623
427,cub_sim,30,4,axis,932.364018695577
428,cub_sim,30,4,axis,1425.0024284873193
429,cub_sim,30,4,axis,1813.5388191276922
430,spiral_sim,30,4,axis,0.2450036419224574
431,spiral_sim,30,4,axis,0.37423427782282076
432,spiral_sim,30,4,axis,2.5561124975973613
433,spiral_sim,30,4,axis,2.023344245419964
434,spiral_sim,30,4,axis,1.3083198998990684
435,spiral_sim,30,4,axis,1.1342053394968363
436,spiral_sim,30,4,axis,1.1942204196164334
437,spiral_sim,30,4,axis,2.5489097759963766
438,spiral_sim,30,4,axis,3.649848500304997
439,spiral_sim,30,4,axis,2.541957768602906
440,cub_sim,30,5,axis,1381.0896844788028
441,cub_sim,30,5,axis,13052.046250384166
442,cub_sim,30,5,axis,3499.2124474684356
443,cub_sim,30,5,axis,963.611325450436
444,cub_sim,30,5,axis,11547.160395107823
445,cub_sim,30,5,axis,388.5778740723007
446,cub_sim,30,5,axis,7643.972832453337
447,cub_sim,30,5,axis,4186.866221763001
448,cub_sim,30,5,axis,5115.0042231450325
449,cub_sim,30,5,axis,377.3635244096504
450,spiral_sim,30,5,axis,1.2097770204367373
451,spiral_sim,30,5,axis,1.3415643695907866
452,spiral_sim,30,5,axis,0.9729126076564736
453,spiral_sim,30,5,axis,3.621100467895722
454,spiral_sim,30,5,axis,2.5385839131558696
455,spiral_sim,30,5,axis,1.807507933022192
456,spiral_sim,30,5,axis,2.6343527280694348
457,spiral_sim,30,5,axis,1.5574973232790008
458,spiral_sim,30,5,axis,1.1390669364448414
459,spiral_sim,30,5,axis,3.5610208580744764
460,cub_sim,30,6,axis,7855.929542736401
461,cub_sim,30,6,axis,246.35700831344894
462,cub_sim,30,6,axis,1976.8689032162215
463,cub_sim,30,6,axis,2676.872234859534
464,cub_sim,30,6,axis,11107.627330362016
465,cub_sim,30,6,axis,5469.413543885512
466,cub_sim,30,6,axis,3997.7435308566005
467,cub_sim,30,6,axis,2399.0957127705133
468,cub_sim,30,6,axis,2455.70709505996
469,cub_sim,30,6,axis,1402.9836317851616
470,spiral_sim,30,6,axis,1.8737805630959545
471,spiral_sim,30,6,axis,2.4011445266424833
472,spiral_sim,30,6,axis,5.073688763159766
473,spiral_sim,30,6,axis,2.5936439307811585
474,spiral_sim,30,6,axis,3.188013960917791
475,spiral_sim,30,6,axis,2.67856328706856
476,spiral_sim,30,6,axis,1.9379699699977053
477,spiral_sim,30,6,axis,4.81264735509757
478,spiral_sim,30,6,axis,1.3152519893693593
479,spiral_sim,30,6,axis,0.9526434727220262
480,cub_sim,30,7,axis,10768.968303687992
481,cub_sim,30,7,axis,792.3768854943645
482,cub_sim,30,7,axis,911.4600326281488
483,cub_sim,30,7,axis,438.9383370028475
484,cub_sim,30,7,axis,4325.68028412712
485,cub_sim,30,7,axis,24325.154394352336
486,cub_sim,30,7,axis,5247.021101679389
487,cub_sim,30,7,axis,3402.436683485493
488,cub_sim,30,7,axis,4771.232649893195
489,cub_sim,30,7,axis,1595.022967299678
490,spiral_sim,30,7,axis,3.479635327206665
491,spiral_sim,30,7,axis,2.1139355037125007
492,spiral_sim,30,7,axis,1.4311230562152946
493,spiral_sim,30,7,axis,6.9840883753736165
494,spiral_sim,30,7,axis,2.0539057191673735
495,spiral_sim,30,7,axis,3.670797966581708
496,spiral_sim,30,7,axis,2.293569819294743
497,spiral_sim,30,7,axis,3.167219450666969
498,spiral_sim,30,7,axis,3.6002066454793527
499,spiral_sim,30,7,axis,3.849114689203808
500,cub_sim,30,8,axis,352.6700246497712
501,cub_sim,30,8,axis,6010.081023986055
502,cub_sim,30,8,axis,960.0781047246978
503,cub_sim,30,8,axis,28230.082054474107
504,cub_sim,30,8,axis,2078.416224186728
505,cub_sim,30,8,axis,1029.8143156851927
506,cub_sim,30,8,axis,177.62138139400912
507,cub_sim,30,8,axis,11800.094406361797
508,cub_sim,30,8,axis,780.2153529203271
509,cub_sim,30,8,axis,96.1694609936432
510,spiral_sim,30,8,axis,3.750618118876745
511,spiral_sim,30,8,axis,3.2862003028154003
512,spiral_sim,30,8,axis,3.694176329196518
513,spiral_sim,30,8,axis,3.1108006306191927
514,spiral_sim,30,8,axis,2.5504767866754467
515,spiral_sim,30,8,axis,2.8882337809425933
516,spiral_sim,30,8,axis,3.881394820807992
517,spiral_sim,30,8,axis,7.227315026629816
518,spiral_sim,30,8,axis,3.3695415648761076
519,spiral_sim,30,8,axis,0.7608006733120013
520,cub_sim,30,9,axis,662.2906265773229
521,cub_sim,30,9,axis,1247.00063997258
522,cub_sim,30,9,axis,2187.891834017014
523,cub_sim,30,9,axis,633.019461824429
524,cub_sim,30,9,axis,1070.2599287937253
525,cub_sim,30,9,axis,24428.412823305356
526,cub_sim,30,9,axis,6974.786616813495
527,cub_sim,30,9,axis,12480.86525327185
528,cub_sim,30,9,axis,11964.244004260772
529,cub_sim,30,9,axis,7445.078542752682
530,spiral_sim,30,9,axis,3.6151479451952064
531,spiral_sim,30,9,axis,4.100718851362287
532,spiral_sim,30,9,axis,4.483032190128733
533,spiral_sim,30,9,axis,3.7250269001986127
534,spiral_sim,30,9,axis,5.650992930235107
535,spiral_sim,30,9,axis,3.7833178892925923
536,spiral_sim,30,9,axis,8.899838096173402
537,spiral_sim,30,9,axis,5.04890266274214
538,spiral_sim,30,9,axis,2.7682885246632325
539,spiral_sim,30,9,axis,5.407461818346727
540,cub_sim,30,1,oblique,673.1310523758667
541,cub_sim,30,1,oblique,176.8544871076298
542,cub_sim,30,1,oblique,391.70095389803816
543,cub_sim,30,1,oblique,756.5385578294523
544,cub_sim,30,1,oblique,386.78932689647485
545,cub_sim,30,1,oblique,436.30226759853485
546,cub_sim,30,1,oblique,415.0891901654973
547,cub_sim,30,1,oblique,137.4505510968833
548,cub_sim,30,1,oblique,1132.2790283029074
549,cub_sim,30,1,oblique,280.219618953512
550,spiral_sim,30,1,oblique,0.9639989142091565
551,spiral_sim,30,1,oblique,1.4158879435698433
552,spiral_sim,30,1,oblique,0.6615746334240776
553,spiral_sim,30,1,oblique,0.916309418961396
554,spiral_sim,30,1,oblique,1.6397399703518445
555,spiral_sim,30,1,oblique,0.8432400894803074
556,spiral_sim,30,1,oblique,1.148393707174514
557,spiral_sim,30,1,oblique,1.412936608839383
558,spiral_sim,30,1,oblique,1.3816853742658084
559,spiral_sim,30,1,oblique,0.692194408873695
560,cub_sim,30,2,oblique,1100.4616805872538
561,cub_sim,30,2,oblique,327.3295337203912
562,cub_sim,30,2,oblique,5488.861848674309
563,cub_sim,30,2,oblique,7427.754941449392
564,cub_sim,30,2,oblique,6537.313991304464
565,cub_sim,30,2,oblique,3321.5807889935113
566,cub_sim,30,2,oblique,733.5061048413605
567,cub_sim,30,2,oblique,1039.8143454376348
568,cub_sim,30,2,oblique,5509.466384411712
569,cub_sim,30,2,oblique,1044.002278730658
570,spiral_sim,30,2,oblique,2.0898494385042596
571,spiral_sim,30,2,oblique,2.274440478104723
572,spiral_sim,30,2,oblique,0.780960094881493
573,spiral_sim,30,2,oblique,1.0194226431040694
574,spiral_sim,30,2,oblique,0.7901571572409463
575,spiral_sim,30,2,oblique,1.5772707551436287
576,spiral_sim,30,2,oblique,0.7991748755789226
577,spiral_sim,30,2,oblique,2.304242387546053
578,spiral_sim,30,2,oblique,0.6497942654112655
579,spiral_sim,30,2,oblique,1.4822317767851811
580,cub_sim,30,3,oblique,453.7313935584426
581,cub_sim,30,3,oblique,935.893448534969
582,cub_sim,30,3,oblique,209.5663034770816
583,cub_sim,30,3,oblique,489.6856501036311
584,cub_sim,30,3,oblique,531.8226623170626
585,cub_sim,30,3,oblique,1023.4684735455293
586,cub_sim,30,3,oblique,363.4871160877935
587,cub_sim,30,3,oblique,253.36069739938708
588,cub_sim,30,3,oblique,865.3973743036743
589,cub_sim,30,3,oblique,36.44665857498172
590,spiral_sim,30,3,oblique,2.157101399995534
591,spiral_sim,30,3,oblique,1.2401552206278459
592,spiral_sim,30,3,oblique,1.0342097307899274
593,spiral_sim,30,3,oblique,2.1882189711342415
594,spiral_sim,30,3,oblique,0.8860111101687895
595,spiral_sim,30,3,oblique,0.8746276622965997
596,spiral_sim,30,3,oblique,1.4581729876752214
597,spiral_sim,30,3,oblique,1.537266259357426
598,spiral_sim,30,3,oblique,1.7213727216760426
599,spiral_sim,30,3,oblique,1.0357271889532895
600,cub_sim,30,4,oblique,7516.28798521301
601,cub_sim,30,4,oblique,5400.948872457697
602,cub_sim,30,4,oblique,4546.609388151011
603,cub_sim,30,4,oblique,422.0497572560505
604,cub_sim,30,4,oblique,1623.9545450304502
605,cub_sim,30,4,oblique,1981.7104003031543
606,cub_sim,30,4,oblique,800.6085488490407
607,cub_sim,30,4,oblique,901.788655559734
608,cub_sim,30,4,oblique,1396.1556917400665
609,cub_sim,30,4,oblique,1824.6756626592482
610,spiral_sim,30,4,oblique,0.24791625019937896
611,spiral_sim,30,4,oblique,0.385732780557975
612,spiral_sim,30,4,oblique,2.5578733923756176
613,spiral_sim,30,4,oblique,2.02443360251572
614,spiral_sim,30,4,oblique,1.3426075560407265
615,spiral_sim,30,4,oblique,1.1356607981383091
616,spiral_sim,30,4,oblique,1.1880865040259758
617,spiral_sim,30,4,oblique,2.5416134715312904
618,spiral_sim,30,4,oblique,3.6531820022350727
619,spiral_sim,30,4,oblique,2.559421409467459
620,cub_sim,30,5,oblique,1374.079025339541
621,cub_sim,30,5,oblique,13123.868681766435
622,cub_sim,30,5,oblique,3560.348054926894
623,cub_sim,30,5,oblique,967.6283874148461
624,cub_sim,30,5,oblique,11562.793024226712
625,cub_sim,30,5,oblique,381.1389269496003
626,cub_sim,30,5,oblique,7565.164734603872
627,cub_sim,30,5,oblique,4105.003006078196
628,cub_sim,30,5,oblique,5144.679008548528
629,cub_sim,30,5,oblique,383.6386596079099
630,spiral_sim,30,5,oblique,1.2191846423088286
631,spiral_sim,30,5,oblique,1.347441858328287
632,spiral_sim,30,5,oblique,0.9574094332297185
633,spiral_sim,30,5,oblique,3.626387255191844
634,spiral_sim,30,5,oblique,2.549273318995471
635,spiral_sim,30,5,oblique,1.8074029450918967
636,spiral_sim,30,5,oblique,2.6851595319104455
637,spiral_sim,30,5,oblique,1.563580522268042
638,spiral_sim,30,5,oblique,1.1388743252177644
639,spiral_sim,30,5,oblique,3.560132831035756
640,cub_sim,30,6,oblique,7854.774693109162
641,cub_sim,30,6,oblique,248.24010097481158
642,cub_sim,30,6,oblique,1973.7599332836546
643,cub_sim,30,6,oblique,2632.4444355613914
644,cub_sim,30,6,oblique,11125.478409619704
645,cub_sim,30,6,oblique,5452.792105523362
646,cub_sim,30,6,oblique,4001.8353697394696
647,cub_sim,30,6,oblique,2428.059985482213
648,cub_sim,30,6,oblique,2432.5240393997688
649,cub_sim,30,6,oblique,1358.2318178394983
650,spiral_sim,30,6,oblique,1.9021458329233742
651,spiral_sim,30,6,oblique,2.3903760502223226
652,spiral_sim,30,6,oblique,5.063762808935542
653,spiral_sim,30,6,oblique,2.584709033786119
654,spiral_sim,30,6,oblique,3.1667681748211054
655,spiral_sim,30,6,oblique,2.678561443424082
656,spiral_sim,30,6,oblique,1.9224360771368991
657,spiral_sim,30,6,oblique,4.805235423589966
658,spiral_sim,30,6,oblique,1.3123752463242317
659,spiral_sim,30,6,oblique,0.9525910511242323
660,cub_sim,30,7,oblique,10775.45981230655
661,cub_sim,30,7,oblique,792.3003956398182
662,cub_sim,30,7,oblique,893.593436019307
663,cub_sim,30,7,oblique,436.894429046366
664,cub_sim,30,7,oblique,4330.126239818988
665,cub_sim,30,7,oblique,24420.399093302396
666,cub_sim,30,7,oblique,5392.411625293898
667,cub_sim,30,7,oblique,3475.5946828388774
668,cub_sim,30,7,oblique,4762.637076554048
669,cub_sim,30,7,oblique,1598.8173498860806
670,spiral_sim,30,7,oblique,3.4780326844370175
671,spiral_sim,30,7,oblique,2.115869244264401
672,spiral_sim,30,7,oblique,1.421005284944176
673,spiral_sim,30,7,oblique,6.968715248821983
674,spiral_sim,30,7,oblique,2.0462483259285147
675,spiral_sim,30,7,oblique,3.674003158250651
676,spiral_sim,30,7,oblique,2.2511122131530183
677,spiral_sim,30,7,oblique,3.1630656448475514
678,spiral_sim,30,7,oblique,3.599383093619833
679,spiral_sim,30,7,oblique,3.8488192864902473
680,cub_sim,30,8,oblique,350.34062401725686
681,cub_sim,30,8,oblique,6038.738227710816
682,cub_sim,30,8,oblique,968.7149280992268
683,cub_sim,30,8,oblique,28261.10156521836
684,cub_sim,30,8,oblique,2071.234957432551
685,cub_sim,30,8,oblique,1021.4182146785873
686,cub_sim,30,8,oblique,177.56793389380633
687,cub_sim,30,8,oblique,11943.828715182926
688,cub_sim,30,8,oblique,777.4038701470412
689,cub_sim,30,8,oblique,93.20099280275282
690,spiral_sim,30,8,oblique,3.7580887392051765
691,spiral_sim,30,8,oblique,3.2947064541713136
692,spiral_sim,30,8,oblique,3.6755263278330066
693,spiral_sim,30,8,oblique,3.130520602293579
694,spiral_sim,30,8,oblique,2.5629214367993405
695,spiral_sim,30,8,oblique,2.8869807245807975
696,spiral_sim,30,8,oblique,3.8239765996611506
697,spiral_sim,30,8,oblique,7.220184146105797
698,spiral_sim,30,8,oblique,3.39496494549684
699,spiral_sim,30,8,oblique,0.7655433769431358
700,cub_sim,30,9,oblique,597.1244380255195
701,cub_sim,30,9,oblique,1242.5788170775186
702,cub_sim,30,9,oblique,2130.0043784446248
703,cub_sim,30,9,oblique,628.6705302452475
704,cub_sim,30,9,oblique,1078.842984147802
705,cub_sim,30,9,oblique,24509.930854449045
706,cub_sim,30,9,oblique,7008.079406270046
707,cub_sim,30,9,oblique,12472.685644562122
708,cub_sim,30,9,oblique,11946.61251496252
709,cub_sim,30,9,oblique,7359.992420065574
710,spiral_sim,30,9,oblique,3.614985823620667
711,spiral_sim,30,9,oblique,4.098105169781538
712,spiral_sim,30,9,oblique,4.483091186665595
713,spiral_sim,30,9,oblique,3.7321601908320514
714,spiral_sim,30,9,oblique,5.7350324356636415
715,spiral_sim,30,9,oblique,3.7791058485175695
716,spiral_sim,30,9,oblique,8.93458336195122
717,spiral_sim,30,9,oblique,5.050626053307392
718,spiral_sim,30,9,oblique,2.7280889323232578
719,spiral_sim,30,9,oblique,5.4039694911930365
