,n_samples,n_dim,split,mse
0,75,2,mae,0.5892702395232366
1,75,2,mae,0.7432103913059981
2,75,2,mae,0.6695066854402673
3,75,2,mae,0.9528933689161196
4,75,2,mae,0.7987205705309465
5,75,2,mae,0.6594852500614283
6,75,2,mae,1.0456694057513745
7,75,2,mae,0.7271963366401983
8,75,2,mae,0.9433626498729245
9,75,2,mae,0.9460256649994816
10,75,3,mae,1.4333344440815456
11,75,3,mae,1.258925713697918
12,75,3,mae,1.4176963698666165
13,75,3,mae,1.891975364713159
14,75,3,mae,1.3943512308209811
15,75,3,mae,1.4315590785445054
16,75,3,mae,1.2128967529437165
17,75,3,mae,1.1312771266883968
18,75,3,mae,1.8721902767859595
19,75,3,mae,1.5605549148220261
20,75,4,mae,1.8121452642240194
21,75,4,mae,2.0385207389513313
22,75,4,mae,1.5091046181965728
23,75,4,mae,1.7774083670937129
24,75,4,mae,1.4393276937667383
25,75,4,mae,1.7588370173863488
26,75,4,mae,1.929783945200275
27,75,4,mae,1.9668911867292551
28,75,4,mae,1.5872508814863668
29,75,4,mae,1.6814371218210389
30,75,5,mae,2.1883001650804204
31,75,5,mae,2.3567891772885052
32,75,5,mae,2.0312986480725
33,75,5,mae,2.728607136936991
34,75,5,mae,2.264765822605738
35,75,5,mae,2.4129615859567584
36,75,5,mae,3.2366760361817044
37,75,5,mae,3.067272442619814
38,75,5,mae,2.1062850755934437
39,75,5,mae,2.811997940530408
40,75,6,mae,2.9171102729683294
41,75,6,mae,2.8393988544906956
42,75,6,mae,2.5713692435249826
43,75,6,mae,3.448928886158222
44,75,6,mae,2.4758098682582665
45,75,6,mae,2.552389838292772
46,75,6,mae,3.213109785038314
47,75,6,mae,3.5959097659325296
48,75,6,mae,3.280476202689011
49,75,6,mae,2.5891255613828545
50,75,7,mae,3.335053895872114
51,75,7,mae,3.8387292590852695
52,75,7,mae,3.910360488121377
53,75,7,mae,3.1117921462837885
54,75,7,mae,3.436106430282451
55,75,7,mae,4.7468469987829724
56,75,7,mae,3.1167824118101133
57,75,7,mae,3.5556627355292094
58,75,7,mae,4.370334309691446
59,75,7,mae,3.263290304231518
60,75,8,mae,4.337901264201633
61,75,8,mae,3.223110905938775
62,75,8,mae,3.8136453195152082
63,75,8,mae,3.828945135851486
64,75,8,mae,4.49594835919744
65,75,8,mae,3.7494971645506796
66,75,8,mae,4.314606227920279
67,75,8,mae,3.9995229850037695
68,75,8,mae,5.540081312806723
69,75,8,mae,3.166452466676804
70,75,9,mae,4.278419408110429
71,75,9,mae,4.690898378340802
72,75,9,mae,5.362824152922318
73,75,9,mae,4.50164816027312
74,75,9,mae,4.923062757289047
75,75,9,mae,3.436499088644206
76,75,9,mae,4.991696558283798
77,75,9,mae,4.623153512103966
78,75,9,mae,4.2477206692192215
79,75,9,mae,3.9788651896735647
80,75,10,mae,5.599329288630213
81,75,10,mae,4.933419206483647
82,75,10,mae,5.0493797162166185
83,75,10,mae,5.5179027188309355
84,75,10,mae,4.652407086617834
85,75,10,mae,4.805404073569665
86,75,10,mae,4.508250598482295
87,75,10,mae,5.983008659627738
88,75,10,mae,5.440534059262709
89,75,10,mae,5.756435474590981
90,75,11,mae,6.120441528865954
91,75,11,mae,5.800214455824596
92,75,11,mae,4.708107256084963
93,75,11,mae,5.211659621921637
94,75,11,mae,5.270668188968151
95,75,11,mae,6.535841192095702
96,75,11,mae,5.373323796054426
97,75,11,mae,5.733453459231291
98,75,11,mae,6.152479570733244
99,75,11,mae,5.599246899942372
100,75,12,mae,6.395057725848039
101,75,12,mae,6.191330454330377
102,75,12,mae,6.174150408825733
103,75,12,mae,4.880217680799553
104,75,12,mae,5.86053937157449
105,75,12,mae,5.9588843584062685
106,75,12,mae,5.857161009512871
107,75,12,mae,6.7863272546563875
108,75,12,mae,5.807454092368423
109,75,12,mae,6.009258260439379
110,75,13,mae,7.650969241980658
111,75,13,mae,6.263666244373274
112,75,13,mae,6.195630338566451
113,75,13,mae,7.707852994366998
114,75,13,mae,7.2006844304327915
115,75,13,mae,6.7263469128383555
116,75,13,mae,6.739521912962655
117,75,13,mae,7.573054582281892
118,75,13,mae,6.157184198936666
119,75,13,mae,7.782466071174781
120,75,14,mae,7.029076733161588
121,75,14,mae,7.196116184671509
122,75,14,mae,7.145285297915411
123,75,14,mae,5.600429148676869
124,75,14,mae,6.390141546171663
125,75,14,mae,6.856319208973227
126,75,14,mae,7.631591583751538
127,75,14,mae,7.342595059293376
128,75,14,mae,5.909511481432955
129,75,14,mae,7.294319691103883
130,75,15,mae,7.366245499859354
131,75,15,mae,8.570224183603228
132,75,15,mae,7.094745726274173
133,75,15,mae,7.725957173261481
134,75,15,mae,8.301708594005621
135,75,15,mae,7.2531042311917115
136,75,15,mae,7.00100517638358
137,75,15,mae,7.848180766883623
138,75,15,mae,7.991464642712351
139,75,15,mae,7.1942430057792
140,75,16,mae,7.771360487315283
141,75,16,mae,7.846819610953959
142,75,16,mae,8.939846359150192
143,75,16,mae,7.148590112063965
144,75,16,mae,8.005785149724082
145,75,16,mae,8.430123274886245
146,75,16,mae,9.147823792127626
147,75,16,mae,8.406512371834765
148,75,16,mae,8.271880678411346
149,75,16,mae,8.786795400187486
150,75,17,mae,7.585689265449315
151,75,17,mae,9.033145086020015
152,75,17,mae,9.732404089184826
153,75,17,mae,8.594376424711433
154,75,17,mae,8.767400625709014
155,75,17,mae,9.176324450518019
156,75,17,mae,10.883963037474736
157,75,17,mae,7.78559924875122
158,75,17,mae,8.053588703921037
159,75,17,mae,9.04400356011205
160,75,18,mae,9.223446666160266
161,75,18,mae,9.264438190422297
162,75,18,mae,9.802769866030319
163,75,18,mae,9.988780975674821
164,75,18,mae,9.071177197096533
165,75,18,mae,8.445367979685201
166,75,18,mae,8.74160004313842
167,75,18,mae,8.944393849842976
168,75,18,mae,10.271763306603566
169,75,18,mae,9.263524246770665
170,75,19,mae,8.239376008058084
171,75,19,mae,9.275073785987937
172,75,19,mae,10.852028040028525
173,75,19,mae,9.140546995768656
174,75,19,mae,9.557893302779288
175,75,19,mae,9.685659813752071
176,75,19,mae,10.271790352372895
177,75,19,mae,8.881938482728424
178,75,19,mae,9.597569667610054
179,75,19,mae,10.065315715651606
180,75,20,mae,8.9057165534574
181,75,20,mae,8.958394745604926
182,75,20,mae,11.02127280999805
183,75,20,mae,10.201453280657985
184,75,20,mae,10.687946288423825
185,75,20,mae,9.386934463547549
186,75,20,mae,12.4535866690467
187,75,20,mae,10.894284631905311
188,75,20,mae,10.340856641432833
189,75,20,mae,9.341025262368994
190,75,21,mae,11.228916331415618
191,75,21,mae,11.76088994815752
192,75,21,mae,9.538613150429839
193,75,21,mae,10.651641567841557
194,75,21,mae,10.43930111089143
195,75,21,mae,10.594278468578379
196,75,21,mae,11.644201981763604
197,75,21,mae,10.348708528233947
198,75,21,mae,11.114980251810687
199,75,21,mae,12.424055580967469
200,75,22,mae,12.865220074492257
201,75,22,mae,11.397789408112239
202,75,22,mae,11.69445741126932
203,75,22,mae,11.375214746196765
204,75,22,mae,11.844537682552945
205,75,22,mae,11.249462839814726
206,75,22,mae,10.791794733830407
207,75,22,mae,11.224762166648926
208,75,22,mae,12.106752765069015
209,75,22,mae,12.190587553607818
210,75,23,mae,11.236296019631569
211,75,23,mae,11.17287983682231
212,75,23,mae,12.16501221176082
213,75,23,mae,10.88901042248982
214,75,23,mae,11.940543938344112
215,75,23,mae,11.38117525865743
216,75,23,mae,11.832973127410163
217,75,23,mae,13.22780203884696
218,75,23,mae,13.246500361183832
219,75,23,mae,11.9442971396821
220,75,24,mae,13.805145982652869
221,75,24,mae,12.39801497865014
222,75,24,mae,12.834545432805886
223,75,24,mae,12.417097731118814
224,75,24,mae,13.567474114705227
225,75,24,mae,12.956406354089237
226,75,24,mae,13.213200340738162
227,75,24,mae,13.403279275384696
228,75,24,mae,11.646703009066812
229,75,24,mae,12.134638018791005
230,75,25,mae,12.014950260826863
231,75,25,mae,12.220306515231952
232,75,25,mae,12.086328437585514
233,75,25,mae,11.972463126942905
234,75,25,mae,13.806224164460145
235,75,25,mae,14.066969752350643
236,75,25,mae,13.271998750851687
237,75,25,mae,12.371944273592117
238,75,25,mae,13.771483602096517
239,75,25,mae,13.522057104213609
240,75,26,mae,12.591270453843988
241,75,26,mae,12.430683067861748
242,75,26,mae,14.544260247709765
243,75,26,mae,13.08412504244257
244,75,26,mae,12.191538330512874
245,75,26,mae,12.624675396230748
246,75,26,mae,12.78459567630013
247,75,26,mae,14.202045680230622
248,75,26,mae,14.466357052151979
249,75,26,mae,12.796313449981353
250,75,27,mae,13.586352596801998
251,75,27,mae,13.688142428675691
252,75,27,mae,13.939666419550521
253,75,27,mae,14.855792161747017
254,75,27,mae,14.24163758235128
255,75,27,mae,12.418284908910463
256,75,27,mae,13.757146307358598
257,75,27,mae,14.879921437081718
258,75,27,mae,14.8483602726034
259,75,27,mae,12.871509273026598
260,75,28,mae,13.8519584541722
261,75,28,mae,15.531246669311862
262,75,28,mae,13.138893641442442
263,75,28,mae,14.141693462286542
264,75,28,mae,13.486806076613707
265,75,28,mae,13.75062915760398
266,75,28,mae,13.66939163721754
267,75,28,mae,14.528059663806324
268,75,28,mae,13.22340329069737
269,75,28,mae,15.138750205242637
270,75,29,mae,14.399135909700838
271,75,29,mae,15.208119227487378
272,75,29,mae,16.409545051972017
273,75,29,mae,14.780807597886497
274,75,29,mae,14.475250258950124
275,75,29,mae,14.590870128272272
276,75,29,mae,15.310542016066645
277,75,29,mae,14.223951803669127
278,75,29,mae,16.03187777059265
279,75,29,mae,14.592448636833018
280,75,30,mae,16.571796721784672
281,75,30,mae,15.522792363566657
282,75,30,mae,16.089882531335128
283,75,30,mae,14.105114766104265
284,75,30,mae,16.727106118207438
285,75,30,mae,15.931548953418288
286,75,30,mae,15.511293293922993
287,75,30,mae,16.577113984270753
288,75,30,mae,15.776889166220956
289,75,30,mae,15.167078449153639
290,75,31,mae,16.67840607824953
291,75,31,mae,14.783274803393663
292,75,31,mae,16.023766078254514
293,75,31,mae,15.204101914889081
294,75,31,mae,15.951444748425558
295,75,31,mae,15.478814066820718
296,75,31,mae,14.692680062387547
297,75,31,mae,15.831745962262527
298,75,31,mae,14.73370077139986
299,75,31,mae,17.414505198744617
300,75,32,mae,16.86936559637058
301,75,32,mae,16.346556507820196
302,75,32,mae,15.962911636219205
303,75,32,mae,16.124576813258553
304,75,32,mae,16.164312950121804
305,75,32,mae,15.08250831267606
306,75,32,mae,16.05018901709693
307,75,32,mae,16.35664433753857
308,75,32,mae,17.173566372671946
309,75,32,mae,16.945749858570792
310,75,33,mae,16.62773334644045
311,75,33,mae,16.578272503510103
312,75,33,mae,16.772866270336916
313,75,33,mae,15.2289106852122
314,75,33,mae,18.589655983496527
315,75,33,mae,15.732561279143535
316,75,33,mae,17.06811777791347
317,75,33,mae,17.41968810475304
318,75,33,mae,16.974794152587297
319,75,33,mae,18.342991371263114
320,75,34,mae,16.65714648458775
321,75,34,mae,15.136740429089333
322,75,34,mae,17.186682755063607
323,75,34,mae,16.61245746224237
324,75,34,mae,14.983277720018593
325,75,34,mae,17.20055821438919
326,75,34,mae,17.686221296841875
327,75,34,mae,18.725887819330797
328,75,34,mae,16.51949090647325
329,75,34,mae,16.71147189982992
330,75,35,mae,19.156712264628737
331,75,35,mae,18.602733067317114
332,75,35,mae,17.905252096572998
333,75,35,mae,18.222402698011805
334,75,35,mae,19.180062687432233
335,75,35,mae,17.724317998324967
336,75,35,mae,17.24008757728714
337,75,35,mae,18.03174228663394
338,75,35,mae,17.94262456382376
339,75,35,mae,17.30136109076049
340,75,36,mae,18.040621969330292
341,75,36,mae,18.815800384086607
342,75,36,mae,18.651004906254904
343,75,36,mae,19.44688394059417
344,75,36,mae,19.750528266876408
345,75,36,mae,18.110494707992224
346,75,36,mae,20.093102666051696
347,75,36,mae,19.663372370005256
348,75,36,mae,19.583376852494382
349,75,36,mae,18.28273129188
350,75,37,mae,16.93881689113347
351,75,37,mae,20.180669214315945
352,75,37,mae,19.370520710089746
353,75,37,mae,19.243532760774826
354,75,37,mae,17.59725189391582
355,75,37,mae,20.18169655997727
356,75,37,mae,19.79603296580689
357,75,37,mae,19.76803698408606
358,75,37,mae,19.77145167674522
359,75,37,mae,17.91204153061365
360,75,38,mae,18.72400422671348
361,75,38,mae,17.876037017326617
362,75,38,mae,19.196984704940313
363,75,38,mae,19.938498714551997
364,75,38,mae,18.769410199057486
365,75,38,mae,19.121748346154835
366,75,38,mae,19.83044503047837
367,75,38,mae,17.764994549925902
368,75,38,mae,19.47520967163036
369,75,38,mae,18.864587409878656
370,75,39,mae,20.037028544541947
371,75,39,mae,21.21479320305551
372,75,39,mae,19.7791667439398
373,75,39,mae,19.633873470036498
374,75,39,mae,19.101943155766666
375,75,39,mae,18.36762405068797
376,75,39,mae,18.376601532966433
377,75,39,mae,19.36303681708476
378,75,39,mae,22.838012631686205
379,75,39,mae,21.121308894448486
380,75,2,mse,0.5895564299791874
381,75,2,mse,0.7999518885524031
382,75,2,mse,0.694943524459213
383,75,2,mse,0.9592250067957732
384,75,2,mse,0.8133259507638821
385,75,2,mse,0.6405739543944339
386,75,2,mse,1.0745064666938844
387,75,2,mse,0.7336600788509133
388,75,2,mse,1.0091071199896098
389,75,2,mse,0.9630842711998273
390,75,3,mse,1.430193079067265
391,75,3,mse,1.2893776428022208
392,75,3,mse,1.4249975375693433
393,75,3,mse,1.9284366812400633
394,75,3,mse,1.425136120297522
395,75,3,mse,1.476042246210549
396,75,3,mse,1.220697431488886
397,75,3,mse,1.125517337693852
398,75,3,mse,1.8654869098452378
399,75,3,mse,1.6101852652144246
400,75,4,mse,1.834978173725763
401,75,4,mse,2.03541198782858
402,75,4,mse,1.5246642745987034
403,75,4,mse,1.7801508961200716
404,75,4,mse,1.4597201154132278
405,75,4,mse,1.7684372149610037
406,75,4,mse,1.9269638370575324
407,75,4,mse,1.9798959673429655
408,75,4,mse,1.5940438887367268
409,75,4,mse,1.68936914647983
410,75,5,mse,2.196304935286694
411,75,5,mse,2.3523409024185833
412,75,5,mse,2.051535794161201
413,75,5,mse,2.7450004144245868
414,75,5,mse,2.2856660737274628
415,75,5,mse,2.422985455349819
416,75,5,mse,3.264322352344868
417,75,5,mse,3.07606489751303
418,75,5,mse,2.119299841229797
419,75,5,mse,2.8150476920248155
420,75,6,mse,2.931956669857951
421,75,6,mse,2.8495883679566743
422,75,6,mse,2.5484254597430342
423,75,6,mse,3.456387099257926
424,75,6,mse,2.4600828522673845
425,75,6,mse,2.5638429081161487
426,75,6,mse,3.21415747292109
427,75,6,mse,3.601800380882606
428,75,6,mse,3.3145492452947933
429,75,6,mse,2.5923010079648825
430,75,7,mse,3.3282367949440883
431,75,7,mse,3.8392821733800715
432,75,7,mse,3.902687756896558
433,75,7,mse,3.120009573191153
434,75,7,mse,3.451586655164029
435,75,7,mse,4.791970583595001
436,75,7,mse,3.114389872155591
437,75,7,mse,3.5441817694781457
438,75,7,mse,4.390270407765515
439,75,7,mse,3.2655680996097454
440,75,8,mse,4.3350923523467575
441,75,8,mse,3.226553912851902
442,75,8,mse,3.8002341105998867
443,75,8,mse,3.83732778715022
444,75,8,mse,4.491279969471704
445,75,8,mse,3.7517321620961503
446,75,8,mse,4.31837527068183
447,75,8,mse,4.004960023166794
448,75,8,mse,5.5339337616743745
449,75,8,mse,3.1809068765185047
450,75,9,mse,4.290439603728455
451,75,9,mse,4.68912767657323
452,75,9,mse,5.357304493407792
453,75,9,mse,4.498381371120288
454,75,9,mse,4.910099952165497
455,75,9,mse,3.4391489101488477
456,75,9,mse,4.995557087880247
457,75,9,mse,4.613257417822356
458,75,9,mse,4.24490349506495
459,75,9,mse,3.989619977502815
460,75,10,mse,5.58709649559615
461,75,10,mse,4.926002483605724
462,75,10,mse,5.060725376227373
463,75,10,mse,5.521293550881958
464,75,10,mse,4.6424797285689445
465,75,10,mse,4.807427801881698
466,75,10,mse,4.510132232556345
467,75,10,mse,5.980833974070541
468,75,10,mse,5.455572361762838
469,75,10,mse,5.774501675165712
470,75,11,mse,6.124762475932382
471,75,11,mse,5.7975934955747634
472,75,11,mse,4.71886491228272
473,75,11,mse,5.217725917510677
474,75,11,mse,5.2834015357934065
475,75,11,mse,6.536192156923994
476,75,11,mse,5.383988712469871
477,75,11,mse,5.734829842035497
478,75,11,mse,6.13298136076744
479,75,11,mse,5.5957021154111715
480,75,12,mse,6.410061034664849
481,75,12,mse,6.1861305786493785
482,75,12,mse,6.169300638036115
483,75,12,mse,4.887002876741827
484,75,12,mse,5.85451765592113
485,75,12,mse,5.951102692633331
486,75,12,mse,5.86619335943083
487,75,12,mse,6.797424293380178
488,75,12,mse,5.802826408169714
489,75,12,mse,6.004667356251296
490,75,13,mse,7.656016593982349
491,75,13,mse,6.267600288762326
492,75,13,mse,6.201165625726995
493,75,13,mse,7.714957826189975
494,75,13,mse,7.1976806969099485
495,75,13,mse,6.729723298338541
496,75,13,mse,6.718536641883142
497,75,13,mse,7.591687430771335
498,75,13,mse,6.156569113810642
499,75,13,mse,7.787793126476752
500,75,14,mse,7.018258255509106
501,75,14,mse,7.193959833320334
502,75,14,mse,7.1520446895715395
503,75,14,mse,5.59348649626185
504,75,14,mse,6.3868959755761985
505,75,14,mse,6.832923881217925
506,75,14,mse,7.642607142097113
507,75,14,mse,7.360128744186439
508,75,14,mse,5.901414333206604
509,75,14,mse,7.3048565082118575
510,75,15,mse,7.377595876922463
511,75,15,mse,8.586053810015978
512,75,15,mse,7.096005582842745
513,75,15,mse,7.724304800720459
514,75,15,mse,8.300527499623207
515,75,15,mse,7.265431629105862
516,75,15,mse,6.983929624918707
517,75,15,mse,7.843608603539908
518,75,15,mse,7.990258622849401
519,75,15,mse,7.2029640170773455
520,75,16,mse,7.767980762328054
521,75,16,mse,7.832028323224469
522,75,16,mse,8.956830143366968
523,75,16,mse,7.169466492535688
524,75,16,mse,8.00845150492793
525,75,16,mse,8.436266012496358
526,75,16,mse,9.162696205355166
527,75,16,mse,8.426220912955841
528,75,16,mse,8.282981922548862
529,75,16,mse,8.758949403327344
530,75,17,mse,7.589912263753478
531,75,17,mse,9.060010080025426
532,75,17,mse,9.732938391701952
533,75,17,mse,8.609590621239214
534,75,17,mse,8.769164169319861
535,75,17,mse,9.186085768996346
536,75,17,mse,10.896339988108247
537,75,17,mse,7.794474514240519
538,75,17,mse,8.04100332819691
539,75,17,mse,9.057412046397774
540,75,18,mse,9.222617907325176
541,75,18,mse,9.262058320509503
542,75,18,mse,9.810933128186191
543,75,18,mse,9.997156142233647
544,75,18,mse,9.071036394178309
545,75,18,mse,8.449305238068272
546,75,18,mse,8.743845772915355
547,75,18,mse,8.969604388763438
548,75,18,mse,10.276306528464117
549,75,18,mse,9.256769394400898
550,75,19,mse,8.250180509903279
551,75,19,mse,9.257366737980513
552,75,19,mse,10.835771245534627
553,75,19,mse,9.114783169008964
554,75,19,mse,9.571150030009381
555,75,19,mse,9.714097090891995
556,75,19,mse,10.277343464847977
557,75,19,mse,8.916610804232745
558,75,19,mse,9.604388696654663
559,75,19,mse,10.074017218204792
560,75,20,mse,8.924290292150012
561,75,20,mse,8.95672640776554
562,75,20,mse,11.000754145227473
563,75,20,mse,10.196359923985705
564,75,20,mse,10.694019484543755
565,75,20,mse,9.423205884514493
566,75,20,mse,12.470096610512954
567,75,20,mse,10.879942632700798
568,75,20,mse,10.30491530858711
569,75,20,mse,9.339960094348926
570,75,21,mse,11.266932974374567
571,75,21,mse,11.773548801243585
572,75,21,mse,9.537081689856056
573,75,21,mse,10.642881574904674
574,75,21,mse,10.418560870312389
575,75,21,mse,10.587721046439516
576,75,21,mse,11.626076324789226
577,75,21,mse,10.35935620003554
578,75,21,mse,11.137256540676848
579,75,21,mse,12.415684701104132
580,75,22,mse,12.842418573335003
581,75,22,mse,11.414113812225112
582,75,22,mse,11.709827649123703
583,75,22,mse,11.360018274824716
584,75,22,mse,11.826849399211437
585,75,22,mse,11.251867606855965
586,75,22,mse,10.770396789921536
587,75,22,mse,11.24277707430955
588,75,22,mse,12.124212391133838
589,75,22,mse,12.17095134226497
590,75,23,mse,11.248070770127166
591,75,23,mse,11.16900069420085
592,75,23,mse,12.123687794391683
593,75,23,mse,10.909309223543206
594,75,23,mse,11.94205210024914
595,75,23,mse,11.409009600318793
596,75,23,mse,11.861585253480046
597,75,23,mse,13.191546840884717
598,75,23,mse,13.213316344673137
599,75,23,mse,11.936125087242676
600,75,24,mse,13.805641327475588
601,75,24,mse,12.364480686797064
602,75,24,mse,12.844070837519865
603,75,24,mse,12.43645333806972
604,75,24,mse,13.558562092714256
605,75,24,mse,12.97038983354553
606,75,24,mse,13.230238276883005
607,75,24,mse,13.42114342315359
608,75,24,mse,11.640189352481887
609,75,24,mse,12.121167432694934
610,75,25,mse,12.01116419932388
611,75,25,mse,12.232167727395899
612,75,25,mse,12.081339462994922
613,75,25,mse,11.979525141449002
614,75,25,mse,13.772448798567027
615,75,25,mse,14.082777802199216
616,75,25,mse,13.310582598678463
617,75,25,mse,12.371910072396435
618,75,25,mse,13.752309130990083
619,75,25,mse,13.494706130965339
620,75,26,mse,12.581161676926445
621,75,26,mse,12.42522254863423
622,75,26,mse,14.540380762827848
623,75,26,mse,13.085634318351758
624,75,26,mse,12.216957607423375
625,75,26,mse,12.653111681368252
626,75,26,mse,12.7861803848879
627,75,26,mse,14.175633282774907
628,75,26,mse,14.445370915718156
629,75,26,mse,12.784747482675725
630,75,27,mse,13.568063360667095
631,75,27,mse,13.689514399224539
632,75,27,mse,13.947271923065212
633,75,27,mse,14.849452500503416
634,75,27,mse,14.26443996993093
635,75,27,mse,12.407646230516873
636,75,27,mse,13.776571360381322
637,75,27,mse,14.876542973780136
638,75,27,mse,14.838023611542859
639,75,27,mse,12.855624037109852
640,75,28,mse,13.887890367514077
641,75,28,mse,15.51601066246271
642,75,28,mse,13.131367636160917
643,75,28,mse,14.160391264454733
644,75,28,mse,13.488153748994213
645,75,28,mse,13.734105076886205
646,75,28,mse,13.663782709479822
647,75,28,mse,14.51700302153799
648,75,28,mse,13.21962203673019
649,75,28,mse,15.15053635967049
650,75,29,mse,14.395069948376891
651,75,29,mse,15.205194678949908
652,75,29,mse,16.40836172902578
653,75,29,mse,14.805685043763448
654,75,29,mse,14.491012512235644
655,75,29,mse,14.564344728773971
656,75,29,mse,15.29176742877357
657,75,29,mse,14.21810067142771
658,75,29,mse,16.023744077345455
659,75,29,mse,14.547352444809937
660,75,30,mse,16.57992110675768
661,75,30,mse,15.533043489351897
662,75,30,mse,16.107161126374674
663,75,30,mse,14.0931952699455
664,75,30,mse,16.72572111959429
665,75,30,mse,15.92305236606055
666,75,30,mse,15.48507014812375
667,75,30,mse,16.559722962014487
668,75,30,mse,15.773587397599467
669,75,30,mse,15.13846149199839
670,75,31,mse,16.64366170592441
671,75,31,mse,14.785040506244416
672,75,31,mse,16.03539061624681
673,75,31,mse,15.164616046651812
674,75,31,mse,15.989303786738004
675,75,31,mse,15.475930632441532
676,75,31,mse,14.70293489078295
677,75,31,mse,15.833566077860526
678,75,31,mse,14.73702563898807
679,75,31,mse,17.41688362366446
680,75,32,mse,16.842834697955904
681,75,32,mse,16.349080689014126
682,75,32,mse,15.974244746795748
683,75,32,mse,16.126323852556606
684,75,32,mse,16.17748852518328
685,75,32,mse,15.071774087102712
686,75,32,mse,16.02342192194602
687,75,32,mse,16.33906328033338
688,75,32,mse,17.172004062266637
689,75,32,mse,16.939186901665856
690,75,33,mse,16.626096696158807
691,75,33,mse,16.546065890757262
692,75,33,mse,16.770905267918593
693,75,33,mse,15.215678869761938
694,75,33,mse,18.60213015557696
695,75,33,mse,15.712477873083817
696,75,33,mse,17.070332564537015
697,75,33,mse,17.430893159243606
698,75,33,mse,16.96022829159865
699,75,33,mse,18.354969046578596
700,75,34,mse,16.648311693883
701,75,34,mse,15.152830431410957
702,75,34,mse,17.18397503747373
703,75,34,mse,16.611540653393302
704,75,34,mse,14.97256344280654
705,75,34,mse,17.23324799401893
706,75,34,mse,17.719015663286438
707,75,34,mse,18.68965637646497
708,75,34,mse,16.51445850147301
709,75,34,mse,16.719525076923343
710,75,35,mse,19.172429270066843
711,75,35,mse,18.601058140667615
712,75,35,mse,17.891908076425963
713,75,35,mse,18.225317801528004
714,75,35,mse,19.179944839438527
715,75,35,mse,17.69284857653831
716,75,35,mse,17.2303371840874
717,75,35,mse,18.033877322517895
718,75,35,mse,17.936133016260296
719,75,35,mse,17.32237277989929
720,75,36,mse,18.038187016654362
721,75,36,mse,18.839254772644207
722,75,36,mse,18.639636697428493
723,75,36,mse,19.402307682627928
724,75,36,mse,19.74600854735143
725,75,36,mse,18.12716076848265
726,75,36,mse,20.084233475423865
727,75,36,mse,19.648886527321046
728,75,36,mse,19.60151699354896
729,75,36,mse,18.298134344700813
730,75,37,mse,16.937089798842543
731,75,37,mse,20.16965713335494
732,75,37,mse,19.358735490119045
733,75,37,mse,19.224653183315674
734,75,37,mse,17.59106818870642
735,75,37,mse,20.21782449022396
736,75,37,mse,19.809748553375883
737,75,37,mse,19.790577691105057
738,75,37,mse,19.761747180332502
739,75,37,mse,17.953654598238018
740,75,38,mse,18.73180344780982
741,75,38,mse,17.879308831458292
742,75,38,mse,19.185774547243064
743,75,38,mse,19.951472942097684
744,75,38,mse,18.791290078160806
745,75,38,mse,19.15642072056787
746,75,38,mse,19.790904555299207
747,75,38,mse,17.73530564780818
748,75,38,mse,19.48683455816678
749,75,38,mse,18.84000353076428
750,75,39,mse,20.08909125704038
751,75,39,mse,21.25955676148077
752,75,39,mse,19.78097237088737
753,75,39,mse,19.663030125169932
754,75,39,mse,19.07976007918262
755,75,39,mse,18.35580185243022
756,75,39,mse,18.343473954664834
757,75,39,mse,19.372279886337857
758,75,39,mse,22.82918760168082
759,75,39,mse,21.0738591789552
760,75,2,axis,0.5789093975298811
761,75,2,axis,0.7910661322048959
762,75,2,axis,0.7388106894797248
763,75,2,axis,0.9553607912132039
764,75,2,axis,0.7532535316068077
765,75,2,axis,0.7158588351272597
766,75,2,axis,1.117532268851933
767,75,2,axis,0.735501147966919
768,75,2,axis,1.0084944349188583
769,75,2,axis,0.9321691500896218
770,75,3,axis,1.4103189083404333
771,75,3,axis,1.2636470586036075
772,75,3,axis,1.365706177615853
773,75,3,axis,1.8517863950756024
774,75,3,axis,1.4053616451543427
775,75,3,axis,1.3824215635076962
776,75,3,axis,1.222502049165522
777,75,3,axis,1.1296514462433092
778,75,3,axis,1.910377690209939
779,75,3,axis,1.538461486128768
780,75,4,axis,1.7457208245318612
781,75,4,axis,1.9896647639837874
782,75,4,axis,1.4707367794896382
783,75,4,axis,1.6836545621953156
784,75,4,axis,1.4366820884680624
785,75,4,axis,1.711612543417322
786,75,4,axis,1.8464791522752482
787,75,4,axis,1.9413645400824737
788,75,4,axis,1.5498736080334294
789,75,4,axis,1.6586673241215526
790,75,5,axis,2.1070437552558334
791,75,5,axis,2.2703644160211764
792,75,5,axis,1.9766807738825074
793,75,5,axis,2.656268796549035
794,75,5,axis,2.180775162012223
795,75,5,axis,2.3293032539211787
796,75,5,axis,3.1681759943970587
797,75,5,axis,2.942127049653086
798,75,5,axis,2.0676042878143956
799,75,5,axis,2.742700458662678
800,75,6,axis,2.8239490979117408
801,75,6,axis,2.749238063719832
802,75,6,axis,2.5104252613413203
803,75,6,axis,3.3750532220170255
804,75,6,axis,2.4008005695464467
805,75,6,axis,2.468131512408402
806,75,6,axis,3.052935806667667
807,75,6,axis,3.4622562962878307
808,75,6,axis,3.163922774857013
809,75,6,axis,2.5076524888001326
810,75,7,axis,3.221367409887026
811,75,7,axis,3.7312000712026094
812,75,7,axis,3.788207602190861
813,75,7,axis,3.0309847397345275
814,75,7,axis,3.331938671816728
815,75,7,axis,4.624212197783175
816,75,7,axis,3.0200759000582917
817,75,7,axis,3.4582334999150195
818,75,7,axis,4.2698092418250075
819,75,7,axis,3.129033383854639
820,75,8,axis,4.233287832452622
821,75,8,axis,3.12466177489321
822,75,8,axis,3.695398371506975
823,75,8,axis,3.702079372828592
824,75,8,axis,4.335184042175806
825,75,8,axis,3.6457148357232017
826,75,8,axis,4.197124463672157
827,75,8,axis,3.879464708795149
828,75,8,axis,5.403018365270315
829,75,8,axis,3.062415985866274
830,75,9,axis,4.170563189336204
831,75,9,axis,4.579382660885219
832,75,9,axis,5.213242486541813
833,75,9,axis,4.415866087964676
834,75,9,axis,4.779875113637008
835,75,9,axis,3.347781156928434
836,75,9,axis,4.911047718598507
837,75,9,axis,4.478528301858302
838,75,9,axis,4.0980617107730675
839,75,9,axis,3.8432326266344776
840,75,10,axis,5.459041146618742
841,75,10,axis,4.820465900932674
842,75,10,axis,4.935657291105415
843,75,10,axis,5.372111356880514
844,75,10,axis,4.545977919951107
845,75,10,axis,4.705309125182636
846,75,10,axis,4.415302240107859
847,75,10,axis,5.82473426674
848,75,10,axis,5.300989821503263
849,75,10,axis,5.601527255452155
850,75,11,axis,5.9348160981478255
851,75,11,axis,5.684596451214647
852,75,11,axis,4.6155327344131
853,75,11,axis,5.086621767308543
854,75,11,axis,5.154345903597979
855,75,11,axis,6.437038879249515
856,75,11,axis,5.2724430816663626
857,75,11,axis,5.604658124331944
858,75,11,axis,5.992293223173567
859,75,11,axis,5.469963411427299
860,75,12,axis,6.277187344553503
861,75,12,axis,6.022129793757521
862,75,12,axis,6.032690586673271
863,75,12,axis,4.7563490629536
864,75,12,axis,5.755557881104917
865,75,12,axis,5.847751339347885
866,75,12,axis,5.74034218420313
867,75,12,axis,6.617695592503794
868,75,12,axis,5.685187972647166
869,75,12,axis,5.881590769949332
870,75,13,axis,7.509100969242931
871,75,13,axis,6.1234309086931775
872,75,13,axis,6.087731633184331
873,75,13,axis,7.631795727929683
874,75,13,axis,7.052798503468722
875,75,13,axis,6.591611014162892
876,75,13,axis,6.576869439172728
877,75,13,axis,7.404408798357099
878,75,13,axis,6.05802687557854
879,75,13,axis,7.60840891512841
880,75,14,axis,6.890557806293829
881,75,14,axis,7.064730779129063
882,75,14,axis,7.006059859155257
883,75,14,axis,5.480474929421763
884,75,14,axis,6.2581348370413155
885,75,14,axis,6.701927263155087
886,75,14,axis,7.4609531264158475
887,75,14,axis,7.240195257485298
888,75,14,axis,5.79611637017077
889,75,14,axis,7.169718751593761
890,75,15,axis,7.230419761633743
891,75,15,axis,8.430271007468361
892,75,15,axis,6.967961933663742
893,75,15,axis,7.614264050119227
894,75,15,axis,8.20236819709743
895,75,15,axis,7.165166045153737
896,75,15,axis,6.861360824407304
897,75,15,axis,7.719646266940719
898,75,15,axis,7.8639770983081005
899,75,15,axis,7.061704691658155
900,75,16,axis,7.6232057694467406
901,75,16,axis,7.720824855681567
902,75,16,axis,8.817222943657784
903,75,16,axis,7.053551329622972
904,75,16,axis,7.875526724822706
905,75,16,axis,8.285561966588253
906,75,16,axis,9.018783577581452
907,75,16,axis,8.297416384067038
908,75,16,axis,8.130005361121619
909,75,16,axis,8.608000694998745
910,75,17,axis,7.420962634899449
911,75,17,axis,8.872766596755216
912,75,17,axis,9.59570247649307
913,75,17,axis,8.451554774777527
914,75,17,axis,8.619135087731019
915,75,17,axis,9.016409379022507
916,75,17,axis,10.712749252624624
917,75,17,axis,7.672559544329303
918,75,17,axis,7.909407861670899
919,75,17,axis,8.909020245032123
920,75,18,axis,9.101981025158652
921,75,18,axis,9.151462378301384
922,75,18,axis,9.670515076066762
923,75,18,axis,9.845190854372534
924,75,18,axis,8.955740865476235
925,75,18,axis,8.334359997651653
926,75,18,axis,8.63031742891335
927,75,18,axis,8.83747234282673
928,75,18,axis,10.11706594241483
929,75,18,axis,9.134406652212029
930,75,19,axis,8.144683438088842
931,75,19,axis,9.10419279113798
932,75,19,axis,10.704903962623014
933,75,19,axis,9.010106664696178
934,75,19,axis,9.45540007814446
935,75,19,axis,9.551337538948477
936,75,19,axis,10.126758856370843
937,75,19,axis,8.771570602929373
938,75,19,axis,9.461355917016204
939,75,19,axis,9.920665304387525
940,75,20,axis,8.803651941034552
941,75,20,axis,8.840144481213603
942,75,20,axis,10.884745968666758
943,75,20,axis,10.039620940015144
944,75,20,axis,10.584958386965186
945,75,20,axis,9.299084086697594
946,75,20,axis,12.255114829003848
947,75,20,axis,10.756593971397118
948,75,20,axis,10.178389333886571
949,75,20,axis,9.218899933084655
950,75,21,axis,11.11752464686487
951,75,21,axis,11.625851312045159
952,75,21,axis,9.417687763306569
953,75,21,axis,10.482231079167946
954,75,21,axis,10.293487161374445
955,75,21,axis,10.470400608429973
956,75,21,axis,11.425368147859874
957,75,21,axis,10.212743158397759
958,75,21,axis,10.967308647069768
959,75,21,axis,12.27254119921967
960,75,22,axis,12.682543506009264
961,75,22,axis,11.277493289943143
962,75,22,axis,11.598869339158242
963,75,22,axis,11.22452246010604
964,75,22,axis,11.682776463619872
965,75,22,axis,11.127108998287184
966,75,22,axis,10.68446716958354
967,75,22,axis,11.077349179007243
968,75,22,axis,11.96193982918304
969,75,22,axis,12.011674839505185
970,75,23,axis,11.097523417272567
971,75,23,axis,11.052916074793949
972,75,23,axis,12.04051907760794
973,75,23,axis,10.736929629054652
974,75,23,axis,11.795946399886288
975,75,23,axis,11.270598548458036
976,75,23,axis,11.69264947281028
977,75,23,axis,13.082901262310935
978,75,23,axis,13.061344521886035
979,75,23,axis,11.810631652474989
980,75,24,axis,13.62650081698949
981,75,24,axis,12.24084477848665
982,75,24,axis,12.702468139437826
983,75,24,axis,12.259002727687735
984,75,24,axis,13.396704860519165
985,75,24,axis,12.83212188805722
986,75,24,axis,13.13353250097016
987,75,24,axis,13.258705993034065
988,75,24,axis,11.525114934550437
989,75,24,axis,12.01585376792517
990,75,25,axis,11.919809603203221
991,75,25,axis,12.056743403700501
992,75,25,axis,11.975964215336488
993,75,25,axis,11.832154345826787
994,75,25,axis,13.638398667818088
995,75,25,axis,13.95899866881763
996,75,25,axis,13.178894059602534
997,75,25,axis,12.262444068960122
998,75,25,axis,13.634634008087517
999,75,25,axis,13.373288204626443
1000,75,26,axis,12.49073088765259
1001,75,26,axis,12.291561081990068
1002,75,26,axis,14.431268012580407
1003,75,26,axis,12.931305711355618
1004,75,26,axis,12.032397027503354
1005,75,26,axis,12.513151780909341
1006,75,26,axis,12.660390225959967
1007,75,26,axis,14.049626824628191
1008,75,26,axis,14.289544634959595
1009,75,26,axis,12.68574446389599
1010,75,27,axis,13.424883852934224
1011,75,27,axis,13.521847539220147
1012,75,27,axis,13.851478197673439
1013,75,27,axis,14.716184242065019
1014,75,27,axis,14.13367961043803
1015,75,27,axis,12.301546484641781
1016,75,27,axis,13.616217242131441
1017,75,27,axis,14.737275435016981
1018,75,27,axis,14.662697287463086
1019,75,27,axis,12.729780305548651
1020,75,28,axis,13.742825634346579
1021,75,28,axis,15.363034215066007
1022,75,28,axis,12.998456385621694
1023,75,28,axis,13.982339476906548
1024,75,28,axis,13.32144406871469
1025,75,28,axis,13.646629634530063
1026,75,28,axis,13.514187497078986
1027,75,28,axis,14.366679512604769
1028,75,28,axis,13.105628846834287
1029,75,28,axis,14.985595152174675
1030,75,29,axis,14.293690463600973
1031,75,29,axis,15.065399404579265
1032,75,29,axis,16.26686713133763
1033,75,29,axis,14.63370288914302
1034,75,29,axis,14.385497639593071
1035,75,29,axis,14.433619696114468
1036,75,29,axis,15.18572237517832
1037,75,29,axis,14.094990484312133
1038,75,29,axis,15.85003769513296
1039,75,29,axis,14.43536605357482
1040,75,30,axis,16.417528677243943
1041,75,30,axis,15.42257177515748
1042,75,30,axis,15.97645681793846
1043,75,30,axis,13.977164936026108
1044,75,30,axis,16.636932732111383
1045,75,30,axis,15.793574178949035
1046,75,30,axis,15.403509366598467
1047,75,30,axis,16.42882937174072
1048,75,30,axis,15.666810744986362
1049,75,30,axis,15.001014038620248
1050,75,31,axis,16.547846751275166
1051,75,31,axis,14.684867767251774
1052,75,31,axis,15.891043591587598
1053,75,31,axis,15.078308051945514
1054,75,31,axis,15.835320932153651
1055,75,31,axis,15.335647819055785
1056,75,31,axis,14.588293084749175
1057,75,31,axis,15.680895116234133
1058,75,31,axis,14.603283058366815
1059,75,31,axis,17.29315732460634
1060,75,32,axis,16.711929709914486
1061,75,32,axis,16.21477846874314
1062,75,32,axis,15.826009916161947
1063,75,32,axis,15.997727098931659
1064,75,32,axis,16.020771379532935
1065,75,32,axis,14.9298215125714
1066,75,32,axis,15.90344789127781
1067,75,32,axis,16.209404498648805
1068,75,32,axis,17.02630062902553
1069,75,32,axis,16.802360495292007
1070,75,33,axis,16.526415090761418
1071,75,33,axis,16.41611257542634
1072,75,33,axis,16.633889018438406
1073,75,33,axis,15.089417892948049
1074,75,33,axis,18.402084724882148
1075,75,33,axis,15.58596087558563
1076,75,33,axis,16.90110568921839
1077,75,33,axis,17.27755615667883
1078,75,33,axis,16.80055344251543
1079,75,33,axis,18.23887852079643
1080,75,34,axis,16.51806303189153
1081,75,34,axis,15.069813027021928
1082,75,34,axis,17.048421368527855
1083,75,34,axis,16.47259041752486
1084,75,34,axis,14.870437995952727
1085,75,34,axis,17.051313359908054
1086,75,34,axis,17.551167938769513
1087,75,34,axis,18.58439306234564
1088,75,34,axis,16.3939037577642
1089,75,34,axis,16.582832381790684
1090,75,35,axis,19.035444760280317
1091,75,35,axis,18.51021538381153
1092,75,35,axis,17.78553470631436
1093,75,35,axis,18.115605059337017
1094,75,35,axis,19.066464509947235
1095,75,35,axis,17.5890417288436
1096,75,35,axis,17.087717947570884
1097,75,35,axis,17.895951375703582
1098,75,35,axis,17.820325871651427
1099,75,35,axis,17.148247849934656
1100,75,36,axis,17.881789607723373
1101,75,36,axis,18.741061310079452
1102,75,36,axis,18.5163401666576
1103,75,36,axis,19.284104823055934
1104,75,36,axis,19.592060661535694
1105,75,36,axis,17.965413018673427
1106,75,36,axis,19.969698327490025
1107,75,36,axis,19.513348584257294
1108,75,36,axis,19.464991443962436
1109,75,36,axis,18.153415029273948
1110,75,37,axis,16.856055345386828
1111,75,37,axis,20.03648997711214
1112,75,37,axis,19.264522623606474
1113,75,37,axis,19.100774954916304
1114,75,37,axis,17.475614184818884
1115,75,37,axis,20.057648889904154
1116,75,37,axis,19.61560696648828
1117,75,37,axis,19.605433643881824
1118,75,37,axis,19.639504756051224
1119,75,37,axis,17.80623707826477
1120,75,38,axis,18.622227812880976
1121,75,38,axis,17.77828611695476
1122,75,38,axis,19.055019275571563
1123,75,38,axis,19.813411526491375
1124,75,38,axis,18.6715390584687
1125,75,38,axis,19.01712480876624
1126,75,38,axis,19.675569819209418
1127,75,38,axis,17.601529030145336
1128,75,38,axis,19.40917483536349
1129,75,38,axis,18.751975414423537
1130,75,39,axis,19.95364493823343
1131,75,39,axis,21.10131105423417
1132,75,39,axis,19.66456219815079
1133,75,39,axis,19.529049172706156
1134,75,39,axis,18.976508140931784
1135,75,39,axis,18.20873241179966
1136,75,39,axis,18.24154235029591
1137,75,39,axis,19.20553570603744
1138,75,39,axis,22.69015877351094
1139,75,39,axis,20.91600677040448
1140,75,2,oblique,0.5788402562262333
1141,75,2,oblique,0.7944906729348684
1142,75,2,oblique,0.7336810509541797
1143,75,2,oblique,0.9415014420785525
1144,75,2,oblique,0.749525539997033
1145,75,2,oblique,0.7206195656001594
1146,75,2,oblique,1.1119392627244247
1147,75,2,oblique,0.7440911564695107
1148,75,2,oblique,1.0064092041545398
1149,75,2,oblique,0.9194047652492626
1150,75,3,oblique,1.414363718763534
1151,75,3,oblique,1.2592282168772282
1152,75,3,oblique,1.3690879726745513
1153,75,3,oblique,1.8369028584441256
1154,75,3,oblique,1.4037838354894085
1155,75,3,oblique,1.4041300972234114
1156,75,3,oblique,1.2264230702283465
1157,75,3,oblique,1.1196795434711846
1158,75,3,oblique,1.8976036279504074
1159,75,3,oblique,1.5436121721143734
1160,75,4,oblique,1.7412008278868003
1161,75,4,oblique,1.9865722486255952
1162,75,4,oblique,1.483361173066838
1163,75,4,oblique,1.6896614312572038
1164,75,4,oblique,1.429892310857461
1165,75,4,oblique,1.7216841456025058
1166,75,4,oblique,1.866468024460279
1167,75,4,oblique,1.9322472911102382
1168,75,4,oblique,1.5509034476400216
1169,75,4,oblique,1.6565586069066058
1170,75,5,oblique,2.1177890341444856
1171,75,5,oblique,2.262304573070677
1172,75,5,oblique,1.974981238593712
1173,75,5,oblique,2.654838244728444
1174,75,5,oblique,2.170052164854019
1175,75,5,oblique,2.3256546813451027
1176,75,5,oblique,3.1713336409740864
1177,75,5,oblique,2.9579365813624507
1178,75,5,oblique,2.062093788006194
1179,75,5,oblique,2.749849190026506
1180,75,6,oblique,2.8217074499316026
1181,75,6,oblique,2.739867607117222
1182,75,6,oblique,2.485391751438975
1183,75,6,oblique,3.370302372553866
1184,75,6,oblique,2.4021469194669076
1185,75,6,oblique,2.4856103822664726
1186,75,6,oblique,3.0539748616512052
1187,75,6,oblique,3.4632824454698
1188,75,6,oblique,3.166424297176751
1189,75,6,oblique,2.4956534429179444
1190,75,7,oblique,3.2212091364246698
1191,75,7,oblique,3.726686090419335
1192,75,7,oblique,3.7695012071378278
1193,75,7,oblique,3.0279407054706082
1194,75,7,oblique,3.3345100089164363
1195,75,7,oblique,4.615299006042239
1196,75,7,oblique,3.0181282706339863
1197,75,7,oblique,3.4432365918378838
1198,75,7,oblique,4.2556614517649285
1199,75,7,oblique,3.1312114828714135
1200,75,8,oblique,4.229876207057333
1201,75,8,oblique,3.136986284755448
1202,75,8,oblique,3.705378613221341
1203,75,8,oblique,3.712419534789104
1204,75,8,oblique,4.359302542181192
1205,75,8,oblique,3.6411603505368118
1206,75,8,oblique,4.19280945166722
1207,75,8,oblique,3.865848019615681
1208,75,8,oblique,5.392617972826445
1209,75,8,oblique,3.0577829629549647
1210,75,9,oblique,4.171854011502973
1211,75,9,oblique,4.599001250151327
1212,75,9,oblique,5.23137476224618
1213,75,9,oblique,4.408054703089756
1214,75,9,oblique,4.7672682875734385
1215,75,9,oblique,3.3457475592807837
1216,75,9,oblique,4.881008032011335
1217,75,9,oblique,4.492239433849264
1218,75,9,oblique,4.116373514275473
1219,75,9,oblique,3.8528000127795234
1220,75,10,oblique,5.453258488430992
1221,75,10,oblique,4.825539993386826
1222,75,10,oblique,4.925295312731494
1223,75,10,oblique,5.353604440160907
1224,75,10,oblique,4.528321375926461
1225,75,10,oblique,4.697962005222129
1226,75,10,oblique,4.402569550916216
1227,75,10,oblique,5.834732738166753
1228,75,10,oblique,5.301581766731331
1229,75,10,oblique,5.620634532399392
1230,75,11,oblique,5.9680067433428095
1231,75,11,oblique,5.676089898855838
1232,75,11,oblique,4.609277397050449
1233,75,11,oblique,5.067557497443539
1234,75,11,oblique,5.1725576151790245
1235,75,11,oblique,6.445441885764304
1236,75,11,oblique,5.294799411422189
1237,75,11,oblique,5.602813861898253
1238,75,11,oblique,6.013570635226986
1239,75,11,oblique,5.481994472825824
1240,75,12,oblique,6.278609290184566
1241,75,12,oblique,6.02893664718379
1242,75,12,oblique,6.055522123422746
1243,75,12,oblique,4.776220132081791
1244,75,12,oblique,5.754030643666459
1245,75,12,oblique,5.848006307149938
1246,75,12,oblique,5.702543890870984
1247,75,12,oblique,6.623361863262819
1248,75,12,oblique,5.654998820164135
1249,75,12,oblique,5.868264639517445
1250,75,13,oblique,7.504714466064861
1251,75,13,oblique,6.1378511620767675
1252,75,13,oblique,6.105235673435928
1253,75,13,oblique,7.603753525770935
1254,75,13,oblique,7.053233036551006
1255,75,13,oblique,6.59566935995756
1256,75,13,oblique,6.575037576101615
1257,75,13,oblique,7.4133328686436135
1258,75,13,oblique,6.05884703878472
1259,75,13,oblique,7.605524529137667
1260,75,14,oblique,6.903584597503784
1261,75,14,oblique,7.06142365828424
1262,75,14,oblique,7.017691123837524
1263,75,14,oblique,5.456043101553239
1264,75,14,oblique,6.283930577685997
1265,75,14,oblique,6.690351566081789
1266,75,14,oblique,7.453429373219307
1267,75,14,oblique,7.209406596092793
1268,75,14,oblique,5.795992056434209
1269,75,14,oblique,7.189921928300699
1270,75,15,oblique,7.21647291870659
1271,75,15,oblique,8.452507549544743
1272,75,15,oblique,6.986548040732324
1273,75,15,oblique,7.596313216077413
1274,75,15,oblique,8.159971812906305
1275,75,15,oblique,7.146675667154864
1276,75,15,oblique,6.825977960746637
1277,75,15,oblique,7.7097253788878515
1278,75,15,oblique,7.8515435965263665
1279,75,15,oblique,7.087892201737386
1280,75,16,oblique,7.642505227977617
1281,75,16,oblique,7.7284059617830465
1282,75,16,oblique,8.812346604111104
1283,75,16,oblique,7.053483132075391
1284,75,16,oblique,7.862163677763359
1285,75,16,oblique,8.305034454546286
1286,75,16,oblique,9.018839618528386
1287,75,16,oblique,8.29235933408898
1288,75,16,oblique,8.141051536466858
1289,75,16,oblique,8.603622082551404
1290,75,17,oblique,7.467184635386075
1291,75,17,oblique,8.92399954364684
1292,75,17,oblique,9.606698482256624
1293,75,17,oblique,8.47464129940475
1294,75,17,oblique,8.648575576983799
1295,75,17,oblique,9.040954884320866
1296,75,17,oblique,10.76596410959816
1297,75,17,oblique,7.657219725836225
1298,75,17,oblique,7.926082347356558
1299,75,17,oblique,8.908007287244606
1300,75,18,oblique,9.090160699651195
1301,75,18,oblique,9.132456436427125
1302,75,18,oblique,9.681362767638301
1303,75,18,oblique,9.829447010697164
1304,75,18,oblique,8.944752142971147
1305,75,18,oblique,8.320091913511963
1306,75,18,oblique,8.614931243320616
1307,75,18,oblique,8.849401806948494
1308,75,18,oblique,10.135751095749445
1309,75,18,oblique,9.147566007941808
1310,75,19,oblique,8.133554232562348
1311,75,19,oblique,9.12950611549578
1312,75,19,oblique,10.69602509406374
1313,75,19,oblique,9.024707697591454
1314,75,19,oblique,9.446444185906469
1315,75,19,oblique,9.590374971066256
1316,75,19,oblique,10.126359808693756
1317,75,19,oblique,8.782585775119342
1318,75,19,oblique,9.457062600864715
1319,75,19,oblique,9.916331763152051
1320,75,20,oblique,8.800886600688353
1321,75,20,oblique,8.826679276184326
1322,75,20,oblique,10.887072514270283
1323,75,20,oblique,10.051682700512373
1324,75,20,oblique,10.569340700370104
1325,75,20,oblique,9.306741629594006
1326,75,20,oblique,12.259865599269721
1327,75,20,oblique,10.726535789841627
1328,75,20,oblique,10.189644506397984
1329,75,20,oblique,9.227665729775161
1330,75,21,oblique,11.102833851581094
1331,75,21,oblique,11.61734611552644
1332,75,21,oblique,9.399249494638674
1333,75,21,oblique,10.501509324176979
1334,75,21,oblique,10.314730496637372
1335,75,21,oblique,10.464904275353769
1336,75,21,oblique,11.458822368463508
1337,75,21,oblique,10.20290247210269
1338,75,21,oblique,10.991420854867071
1339,75,21,oblique,12.285561015658763
1340,75,22,oblique,12.709555352136233
1341,75,22,oblique,11.286108290567817
1342,75,22,oblique,11.568020810326109
1343,75,22,oblique,11.224593473001619
1344,75,22,oblique,11.691879944182546
1345,75,22,oblique,11.132274013681307
1346,75,22,oblique,10.652357933297248
1347,75,22,oblique,11.079782403470993
1348,75,22,oblique,11.997781805274073
1349,75,22,oblique,12.048768747351868
1350,75,23,oblique,11.164490022725257
1351,75,23,oblique,11.050982677047722
1352,75,23,oblique,12.020765464692358
1353,75,23,oblique,10.737394878058852
1354,75,23,oblique,11.786655335840033
1355,75,23,oblique,11.292950010028864
1356,75,23,oblique,11.729157169542155
1357,75,23,oblique,13.102283972048145
1358,75,23,oblique,13.083734870950948
1359,75,23,oblique,11.780163310240532
1360,75,24,oblique,13.63690983821748
1361,75,24,oblique,12.245144069792357
1362,75,24,oblique,12.698484917424175
1363,75,24,oblique,12.29495235857697
1364,75,24,oblique,13.421076333303027
1365,75,24,oblique,12.83122526112741
1366,75,24,oblique,13.08621163387192
1367,75,24,oblique,13.283212851307082
1368,75,24,oblique,11.5245544778136
1369,75,24,oblique,12.006459533905355
1370,75,25,oblique,11.887149334782556
1371,75,25,oblique,12.089789246914235
1372,75,25,oblique,11.944249689972494
1373,75,25,oblique,11.81602240686014
1374,75,25,oblique,13.630913712500105
1375,75,25,oblique,13.917704546524455
1376,75,25,oblique,13.174290356893678
1377,75,25,oblique,12.272192597209948
1378,75,25,oblique,13.639381819721969
1379,75,25,oblique,13.398754291109979
1380,75,26,oblique,12.482041759502462
1381,75,26,oblique,12.302978046853081
1382,75,26,oblique,14.412516711035384
1383,75,26,oblique,12.95386356000538
1384,75,26,oblique,12.098931337042139
1385,75,26,oblique,12.512643254063079
1386,75,26,oblique,12.659414593696248
1387,75,26,oblique,14.057339830347294
1388,75,26,oblique,14.293051010362788
1389,75,26,oblique,12.692884846204207
1390,75,27,oblique,13.431777799042882
1391,75,27,oblique,13.54026744504768
1392,75,27,oblique,13.853673732883047
1393,75,27,oblique,14.755568877340181
1394,75,27,oblique,14.16170453454157
1395,75,27,oblique,12.282116241359956
1396,75,27,oblique,13.651348239815853
1397,75,27,oblique,14.759562485916874
1398,75,27,oblique,14.679745558005152
1399,75,27,oblique,12.703277074892652
1400,75,28,oblique,13.747196016063217
1401,75,28,oblique,15.358137976129546
1402,75,28,oblique,13.003962129582558
1403,75,28,oblique,13.98665237715158
1404,75,28,oblique,13.340780129858295
1405,75,28,oblique,13.629875015167823
1406,75,28,oblique,13.564122862359621
1407,75,28,oblique,14.400751882649704
1408,75,28,oblique,13.13133080963142
1409,75,28,oblique,14.992425922575936
1410,75,29,oblique,14.294419051547699
1411,75,29,oblique,15.064292489709993
1412,75,29,oblique,16.264480614002487
1413,75,29,oblique,14.645575809474346
1414,75,29,oblique,14.36037569800215
1415,75,29,oblique,14.41141371625631
1416,75,29,oblique,15.199497551892874
1417,75,29,oblique,14.070094923861282
1418,75,29,oblique,15.88607797479345
1419,75,29,oblique,14.442330194203462
1420,75,30,oblique,16.420017080262923
1421,75,30,oblique,15.422828396619334
1422,75,30,oblique,15.977371346062416
1423,75,30,oblique,13.984813669419982
1424,75,30,oblique,16.591192653255014
1425,75,30,oblique,15.82604230299687
1426,75,30,oblique,15.398765559446614
1427,75,30,oblique,16.435291796704192
1428,75,30,oblique,15.660114149389516
1429,75,30,oblique,14.995796819283724
1430,75,31,oblique,16.541751632453032
1431,75,31,oblique,14.66594298519292
1432,75,31,oblique,15.903348491826463
1433,75,31,oblique,15.012566423551846
1434,75,31,oblique,15.813476260408963
1435,75,31,oblique,15.338931416640781
1436,75,31,oblique,14.605733555449893
1437,75,31,oblique,15.69313124072606
1438,75,31,oblique,14.613270020130306
1439,75,31,oblique,17.292204806540877
1440,75,32,oblique,16.74550271250275
1441,75,32,oblique,16.223346089408267
1442,75,32,oblique,15.86556120411117
1443,75,32,oblique,15.956915451819144
1444,75,32,oblique,16.029409847997083
1445,75,32,oblique,14.961617623280059
1446,75,32,oblique,15.895486656395084
1447,75,32,oblique,16.230133909598997
1448,75,32,oblique,17.02052361796663
1449,75,32,oblique,16.819184013513592
1450,75,33,oblique,16.519100961190595
1451,75,33,oblique,16.42802738216602
1452,75,33,oblique,16.620284442759413
1453,75,33,oblique,15.095834133159645
1454,75,33,oblique,18.440078620422856
1455,75,33,oblique,15.579471317095607
1456,75,33,oblique,16.95569600855229
1457,75,33,oblique,17.333632205533444
1458,75,33,oblique,16.818919312926727
1459,75,33,oblique,18.22178919938756
1460,75,34,oblique,16.52737769016014
1461,75,34,oblique,15.035841565948697
1462,75,34,oblique,17.070862019150564
1463,75,34,oblique,16.495361448532517
1464,75,34,oblique,14.854306086053576
1465,75,34,oblique,17.073243664740474
1466,75,34,oblique,17.54224673256553
1467,75,34,oblique,18.553535707134724
1468,75,34,oblique,16.424342433410132
1469,75,34,oblique,16.57462505925041
1470,75,35,oblique,19.06785651388033
1471,75,35,oblique,18.472878096034698
1472,75,35,oblique,17.80094756816651
1473,75,35,oblique,18.0872478723402
1474,75,35,oblique,19.04149576990531
1475,75,35,oblique,17.582158313227822
1476,75,35,oblique,17.098076328011576
1477,75,35,oblique,17.907291846363425
1478,75,35,oblique,17.814013599113576
1479,75,35,oblique,17.238761458494334
1480,75,36,oblique,17.91754463873423
1481,75,36,oblique,18.752783075893984
1482,75,36,oblique,18.52122178535483
1483,75,36,oblique,19.272065477983098
1484,75,36,oblique,19.54739601219504
1485,75,36,oblique,17.992324394326786
1486,75,36,oblique,19.9382410828625
1487,75,36,oblique,19.50800161093716
1488,75,36,oblique,19.406750457064835
1489,75,36,oblique,18.108363036624848
1490,75,37,oblique,16.879428427162495
1491,75,37,oblique,20.035979682704937
1492,75,37,oblique,19.24823736826529
1493,75,37,oblique,19.09983590677875
1494,75,37,oblique,17.494885498931158
1495,75,37,oblique,20.070289543455242
1496,75,37,oblique,19.669864011088844
1497,75,37,oblique,19.614350851575775
1498,75,37,oblique,19.643717137955438
1499,75,37,oblique,17.79583249533129
1500,75,38,oblique,18.603865816898267
1501,75,38,oblique,17.752954913102048
1502,75,38,oblique,19.067297123032038
1503,75,38,oblique,19.785510514082663
1504,75,38,oblique,18.65692047315808
1505,75,38,oblique,19.014301306858655
1506,75,38,oblique,19.66223200558439
1507,75,38,oblique,17.625146889933966
1508,75,38,oblique,19.39984059525536
1509,75,38,oblique,18.734246531527237
1510,75,39,oblique,19.891563851808325
1511,75,39,oblique,21.076697652981444
1512,75,39,oblique,19.654564909828512
1513,75,39,oblique,19.52881504624831
1514,75,39,oblique,18.938967753671385
1515,75,39,oblique,18.236417218021035
1516,75,39,oblique,18.245991217209355
1517,75,39,oblique,19.228408645817964
1518,75,39,oblique,22.700560100210694
1519,75,39,oblique,20.95574857254036
